League,Date,Time,HomeTeam,AwayTeam,FTHG,FTAG,FTR,HY,AY,HR,AR
E1,9/8/19,20:00,Liverpool,Norwich,4,1,H,0,2,0,0
E1,10/8/19,12:30,West Ham,Manchester City,0,5,A,2,2,0,0
E1,10/8/19,15:00,Bournemouth,Sheffield United,1,1,D,2,1,0,0
E1,10/8/19,15:00,Burnley,Southampton,3,0,H,0,0,0,0
E1,10/8/19,15:00,Crystal Palace,Everton,0,0,D,2,1,0,1
E1,10/8/19,15:00,Watford,Brighton,0,3,A,0,1,0,0
E1,10/8/19,17:30,Tottenham,Aston Villa,3,1,H,1,0,0,0
E1,11/8/19,14:00,Leicester City,Wolves,0,0,D,0,2,0,0
E1,11/8/19,14:00,Newcastle,Arsenal,0,1,A,1,3,0,0
E1,11/8/19,16:30,Manchester United,Chelsea,4,0,H,3,4,0,0
E1,17/08/2019,12:30,Arsenal,Burnley,2,1,H,2,1,0,0
E1,17/08/2019,15:00,Aston Villa,Bournemouth,1,2,A,0,2,0,0
E1,17/08/2019,15:00,Brighton,West Ham,1,1,D,0,2,0,0
E1,17/08/2019,15:00,Everton,Watford,1,0,H,2,3,0,0
E1,17/08/2019,15:00,Norwich,Newcastle,3,1,H,1,3,0,0
E1,17/08/2019,15:00,Southampton,Liverpool,1,2,A,2,1,0,0
E1,17/08/2019,17:30,Manchester City,Tottenham,2,2,D,1,0,0,0
E1,18/08/2019,14:00,Sheffield United,Crystal Palace,1,0,H,3,1,0,0
E1,18/08/2019,16:30,Chelsea,Leicester City,1,1,D,1,0,0,0
E1,19/08/2019,20:00,Wolves,Manchester United,1,1,D,2,2,0,0
E1,23/08/2019,20:00,Aston Villa,Everton,2,0,H,2,3,0,0
E1,24/08/2019,12:30,Norwich,Chelsea,2,3,A,1,1,0,0
E1,24/08/2019,15:00,Brighton,Southampton,0,2,A,1,3,1,0
E1,24/08/2019,15:00,Manchester United,Crystal Palace,1,2,A,2,4,0,0
E1,24/08/2019,15:00,Sheffield United,Leicester City,1,2,A,1,0,0,0
E1,24/08/2019,15:00,Watford,West Ham,1,3,A,1,1,0,0
E1,24/08/2019,17:30,Liverpool,Arsenal,3,1,H,1,1,0,0
E1,25/08/2019,14:00,Bournemouth,Manchester City,1,3,A,1,3,0,0
E1,25/08/2019,16:30,Tottenham,Newcastle,0,1,A,2,2,0,0
E1,25/08/2019,16:30,Wolves,Burnley,1,1,D,0,2,0,0
E1,31/08/2019,12:30,Southampton,Manchester United,1,1,D,1,2,1,0
E1,31/08/2019,15:00,Chelsea,Sheffield United,2,2,D,0,1,0,0
E1,31/08/2019,15:00,Crystal Palace,Aston Villa,1,0,H,2,4,0,1
E1,31/08/2019,15:00,Leicester City,Bournemouth,3,1,H,1,3,0,0
E1,31/08/2019,15:00,Manchester City,Brighton,4,0,H,1,1,0,0
E1,31/08/2019,15:00,Newcastle,Watford,1,1,D,2,3,0,0
E1,31/08/2019,15:00,West Ham,Norwich,2,0,H,2,1,0,0
E1,31/08/2019,17:30,Burnley,Liverpool,0,3,A,0,0,0,0
E1,1/9/19,14:00,Everton,Wolves,3,2,H,1,4,0,1
E1,1/9/19,16:30,Arsenal,Tottenham,2,2,D,3,5,0,0
E1,14/09/2019,12:30,Liverpool,Newcastle,3,1,H,0,0,0,0
E1,14/09/2019,15:00,Brighton,Burnley,1,1,D,0,2,0,0
E1,14/09/2019,15:00,Manchester United,Leicester City,1,0,H,1,2,0,0
E1,14/09/2019,15:00,Sheffield United,Southampton,0,1,A,1,1,1,0
E1,14/09/2019,15:00,Tottenham,Crystal Palace,4,0,H,4,2,0,0
E1,14/09/2019,15:00,Wolves,Chelsea,2,5,A,1,2,0,0
E1,14/09/2019,17:30,Norwich,Manchester City,3,2,H,3,1,0,0
E1,15/09/2019,14:00,Bournemouth,Everton,3,1,H,0,4,0,0
E1,15/09/2019,16:30,Watford,Arsenal,2,2,D,3,3,0,0
E1,16/09/2019,20:00,Aston Villa,West Ham,0,0,D,2,1,0,1
E1,20/09/2019,20:00,Southampton,Bournemouth,1,3,A,1,3,0,0
E1,21/09/2019,12:30,Leicester City,Tottenham,2,1,H,1,2,0,0
E1,21/09/2019,15:00,Burnley,Norwich,2,0,H,0,1,0,0
E1,21/09/2019,15:00,Everton,Sheffield United,0,2,A,1,3,0,0
E1,21/09/2019,15:00,Manchester City,Watford,8,0,H,2,2,0,0
E1,21/09/2019,17:30,Newcastle,Brighton,0,0,D,2,1,0,0
E1,22/09/2019,14:00,Crystal Palace,Wolves,1,1,D,2,1,0,1
E1,22/09/2019,14:00,West Ham,Manchester United,2,0,H,2,2,0,0
E1,22/09/2019,16:30,Arsenal,Aston Villa,3,2,H,5,1,1,0
E1,22/09/2019,16:30,Chelsea,Liverpool,1,2,A,3,3,0,0
E1,28/09/2019,12:30,Sheffield United,Liverpool,0,1,A,1,1,0,0
E1,28/09/2019,15:00,Aston Villa,Burnley,2,2,D,1,4,0,0
E1,28/09/2019,15:00,Bournemouth,West Ham,2,2,D,3,1,0,0
E1,28/09/2019,15:00,Chelsea,Brighton,2,0,H,2,3,0,0
E1,28/09/2019,15:00,Crystal Palace,Norwich,2,0,H,3,1,0,0
E1,28/09/2019,15:00,Tottenham,Southampton,2,1,H,0,2,1,0
E1,28/09/2019,15:00,Wolves,Watford,2,0,H,0,1,0,0
E1,28/09/2019,17:30,Everton,Manchester City,1,3,A,2,2,0,0
E1,29/09/2019,16:30,Leicester City,Newcastle,5,0,H,1,1,0,1
E1,30/09/2019,20:00,Manchester United,Arsenal,1,1,D,4,2,0,0
E1,5/10/19,12:30,Brighton,Tottenham,3,0,H,2,1,0,0
E1,5/10/19,15:00,Burnley,Everton,1,0,H,2,1,0,1
E1,5/10/19,15:00,Liverpool,Leicester City,2,1,H,1,4,0,0
E1,5/10/19,15:00,Norwich,Aston Villa,1,5,A,1,3,0,0
E1,5/10/19,15:00,Watford,Sheffield United,0,0,D,0,2,0,0
E1,5/10/19,17:30,West Ham,Crystal Palace,1,2,A,3,2,0,0
E1,6/10/19,14:00,Arsenal,Bournemouth,1,0,H,1,2,0,0
E1,6/10/19,14:00,Manchester City,Wolves,0,2,A,5,2,0,0
E1,6/10/19,14:00,Southampton,Chelsea,1,4,A,0,1,0,0
E1,6/10/19,16:30,Newcastle,Manchester United,1,0,H,3,3,0,0
E1,19/10/2019,12:30,Everton,West Ham,2,0,H,2,2,0,0
E1,19/10/2019,15:00,Aston Villa,Brighton,2,1,H,1,2,0,1
E1,19/10/2019,15:00,Bournemouth,Norwich,0,0,D,1,3,0,0
E1,19/10/2019,15:00,Chelsea,Newcastle,1,0,H,2,1,0,0
E1,19/10/2019,15:00,Leicester City,Burnley,2,1,H,0,3,0,0
E1,19/10/2019,15:00,Tottenham,Watford,1,1,D,4,3,0,0
E1,19/10/2019,15:00,Wolves,Southampton,1,1,D,3,2,0,0
E1,19/10/2019,17:30,Crystal Palace,Manchester City,0,2,A,1,1,0,0
E1,20/10/2019,16:30,Manchester United,Liverpool,1,1,D,0,1,0,0
E1,21/10/2019,20:00,Sheffield United,Arsenal,1,0,H,4,4,0,0
E1,25/10/2019,20:00,Southampton,Leicester City,0,9,A,0,0,1,0
E1,26/10/2019,12:30,Manchester City,Aston Villa,3,0,H,1,1,1,0
E1,26/10/2019,15:00,Brighton,Everton,3,2,H,2,1,0,0
E1,26/10/2019,15:00,Watford,Bournemouth,0,0,D,5,3,0,0
E1,26/10/2019,15:00,West Ham,Sheffield United,1,1,D,2,2,0,0
E1,26/10/2019,17:30,Burnley,Chelsea,2,4,A,3,2,0,0
E1,27/10/2019,14:00,Newcastle,Wolves,1,1,D,2,2,1,0
E1,27/10/2019,16:30,Arsenal,Crystal Palace,2,2,D,2,0,0,0
E1,27/10/2019,16:30,Liverpool,Tottenham,2,1,H,3,3,0,0
E1,27/10/2019,16:30,Norwich,Manchester United,1,3,A,2,2,0,0
E1,2/11/19,12:30,Bournemouth,Manchester United,1,0,H,4,3,0,0
E1,2/11/19,15:00,Arsenal,Wolves,1,1,D,0,2,0,0
E1,2/11/19,15:00,Aston Villa,Liverpool,1,2,A,1,2,0,0
E1,2/11/19,15:00,Brighton,Norwich,2,0,H,0,1,0,0
E1,2/11/19,15:00,Manchester City,Southampton,2,1,H,3,1,0,0
E1,2/11/19,15:00,Sheffield United,Burnley,3,0,H,1,2,0,0
E1,2/11/19,15:00,West Ham,Newcastle,2,3,A,2,1,0,0
E1,2/11/19,17:30,Watford,Chelsea,1,2,A,4,2,0,0
E1,3/11/19,14:00,Crystal Palace,Leicester City,0,2,A,2,2,0,0
E1,3/11/19,16:30,Everton,Tottenham,1,1,D,1,2,0,1
E1,8/11/19,20:00,Norwich,Watford,0,2,A,1,2,0,1
E1,9/11/19,12:30,Chelsea,Crystal Palace,2,0,H,3,2,0,0
E1,9/11/19,15:00,Burnley,West Ham,3,0,H,2,1,0,0
E1,9/11/19,15:00,Newcastle,Bournemouth,2,1,H,2,0,0,0
E1,9/11/19,15:00,Southampton,Everton,1,2,A,1,1,0,0
E1,9/11/19,15:00,Tottenham,Sheffield United,1,1,D,2,2,0,0
E1,9/11/19,17:30,Leicester City,Arsenal,2,0,H,1,1,0,0
E1,10/11/19,14:00,Manchester United,Brighton,3,1,H,2,5,0,0
E1,10/11/19,14:00,Wolves,Aston Villa,2,1,H,4,3,0,0
E1,10/11/19,16:30,Liverpool,Manchester City,3,1,H,0,2,0,0
E1,23/11/2019,12:30,West Ham,Tottenham,2,3,A,3,2,0,0
E1,23/11/2019,15:00,Arsenal,Southampton,2,2,D,6,2,0,0
E1,23/11/2019,15:00,Bournemouth,Wolves,1,2,A,2,1,1,0
E1,23/11/2019,15:00,Brighton,Leicester City,0,2,A,2,0,0,0
E1,23/11/2019,15:00,Crystal Palace,Liverpool,1,2,A,0,1,0,0
E1,23/11/2019,15:00,Everton,Norwich,0,2,A,3,5,0,0
E1,23/11/2019,15:00,Watford,Burnley,0,3,A,0,3,0,0
E1,23/11/2019,17:30,Manchester City,Chelsea,2,1,H,1,1,0,0
E1,24/11/2019,16:30,Sheffield United,Manchester United,3,3,D,1,2,0,0
E1,25/11/2019,20:00,Aston Villa,Newcastle,2,0,H,1,1,0,0
E1,30/11/2019,12:30,Newcastle,Manchester City,2,2,D,1,2,0,0
E1,30/11/2019,15:00,Burnley,Crystal Palace,0,2,A,2,0,0,0
E1,30/11/2019,15:00,Chelsea,West Ham,0,1,A,0,3,0,0
E1,30/11/2019,15:00,Liverpool,Brighton,2,1,H,0,0,1,0
E1,30/11/2019,15:00,Tottenham,Bournemouth,3,2,H,0,2,0,0
E1,30/11/2019,17:30,Southampton,Watford,2,1,H,1,0,0,0
E1,1/12/19,14:00,Norwich,Arsenal,2,2,D,2,1,0,0
E1,1/12/19,14:00,Wolves,Sheffield United,1,1,D,1,4,0,0
E1,1/12/19,16:30,Leicester City,Everton,2,1,H,0,1,0,0
E1,1/12/19,16:30,Manchester United,Aston Villa,2,2,D,4,1,0,0
E1,3/12/19,19:30,Crystal Palace,Bournemouth,1,0,H,3,3,1,0
E1,3/12/19,20:15,Burnley,Manchester City,1,4,A,1,1,0,0
E1,4/12/19,19:30,Chelsea,Aston Villa,2,1,H,2,1,0,0
E1,4/12/19,19:30,Leicester City,Watford,2,0,H,3,2,0,0
E1,4/12/19,19:30,Manchester United,Tottenham,2,1,H,0,1,0,0
E1,4/12/19,19:30,Southampton,Norwich,2,1,H,1,1,0,0
E1,4/12/19,19:30,Wolves,West Ham,2,0,H,1,2,0,0
E1,4/12/19,20:15,Liverpool,Everton,5,2,H,1,2,0,0
E1,5/12/19,19:30,Sheffield United,Newcastle,0,2,A,2,0,0,0
E1,5/12/19,20:15,Arsenal,Brighton,1,2,A,3,1,0,0
E1,7/12/19,12:30,Everton,Chelsea,3,1,H,3,0,0,0
E1,7/12/19,15:00,Bournemouth,Liverpool,0,3,A,0,1,0,0
E1,7/12/19,15:00,Tottenham,Burnley,5,0,H,1,1,0,0
E1,7/12/19,15:00,Watford,Crystal Palace,0,0,D,4,2,0,0
E1,7/12/19,17:30,Manchester City,Manchester United,1,2,A,3,2,0,0
E1,8/12/19,14:00,Aston Villa,Leicester City,1,4,A,6,2,0,0
E1,8/12/19,14:00,Newcastle,Southampton,2,1,H,1,3,0,0
E1,8/12/19,14:00,Norwich,Sheffield United,1,2,A,0,4,0,0
E1,8/12/19,16:30,Brighton,Wolves,2,2,D,3,0,0,0
E1,9/12/19,20:00,West Ham,Arsenal,1,3,A,2,0,0,0
E1,14/12/2019,12:30,Liverpool,Watford,2,0,H,2,1,0,0
E1,14/12/2019,15:00,Burnley,Newcastle,1,0,H,0,2,0,0
E1,14/12/2019,15:00,Chelsea,Bournemouth,0,1,A,1,2,0,0
E1,14/12/2019,15:00,Leicester City,Norwich,1,1,D,0,4,0,0
E1,14/12/2019,15:00,Sheffield United,Aston Villa,2,0,H,2,2,0,0
E1,14/12/2019,17:30,Southampton,West Ham,0,1,A,1,3,0,0
E1,15/12/2019,14:00,Manchester United,Everton,1,1,D,1,2,0,0
E1,15/12/2019,14:00,Wolves,Tottenham,1,2,A,4,4,0,0
E1,15/12/2019,16:30,Arsenal,Manchester City,0,3,A,1,4,0,0
E1,16/12/2019,19:45,Crystal Palace,Brighton,1,1,D,1,1,0,0
E1,21/12/2019,12:30,Everton,Arsenal,0,0,D,2,3,0,0
E1,21/12/2019,15:00,Aston Villa,Southampton,1,3,A,2,1,0,0
E1,21/12/2019,15:00,Bournemouth,Burnley,0,1,A,2,4,0,0
E1,21/12/2019,15:00,Brighton,Sheffield United,0,1,A,1,3,0,0
E1,21/12/2019,15:00,Newcastle,Crystal Palace,1,0,H,2,0,0,0
E1,21/12/2019,15:00,Norwich,Wolves,1,2,A,2,4,0,0
E1,21/12/2019,17:30,Manchester City,Leicester City,3,1,H,2,2,0,0
E1,22/12/2019,14:00,Watford,Manchester United,2,0,H,3,1,0,0
E1,22/12/2019,16:30,Tottenham,Chelsea,0,2,A,4,3,1,0
E1,26/12/2019,12:30,Tottenham,Brighton,2,1,H,4,2,0,0
E1,26/12/2019,15:00,Aston Villa,Norwich,1,0,H,2,3,0,0
E1,26/12/2019,15:00,Bournemouth,Arsenal,1,1,D,4,4,0,0
E1,26/12/2019,15:00,Chelsea,Southampton,0,2,A,3,2,0,0
E1,26/12/2019,15:00,Crystal Palace,West Ham,2,1,H,0,2,0,0
E1,26/12/2019,15:00,Everton,Burnley,1,0,H,0,0,0,0
E1,26/12/2019,15:00,Sheffield United,Watford,1,1,D,1,3,0,0
E1,26/12/2019,17:30,Manchester United,Newcastle,4,1,H,2,2,0,0
E1,26/12/2019,20:00,Leicester City,Liverpool,0,4,A,1,1,0,0
E1,27/12/2019,19:45,Wolves,Manchester City,3,2,H,0,1,0,1
E1,28/12/2019,12:30,Brighton,Bournemouth,2,0,H,0,2,0,0
E1,28/12/2019,15:00,Newcastle,Everton,1,2,A,2,2,0,0
E1,28/12/2019,15:00,Southampton,Crystal Palace,1,1,D,1,2,0,0
E1,28/12/2019,15:00,Watford,Aston Villa,3,0,H,3,1,1,0
E1,28/12/2019,17:30,Norwich,Tottenham,2,2,D,3,3,0,0
E1,28/12/2019,17:30,West Ham,Leicester City,1,2,A,4,1,0,0
E1,28/12/2019,19:45,Burnley,Manchester United,0,2,A,4,3,0,0
E1,29/12/2019,14:00,Arsenal,Chelsea,1,2,A,5,4,0,0
E1,29/12/2019,16:30,Liverpool,Wolves,1,0,H,1,0,0,0
E1,29/12/2019,18:00,Manchester City,Sheffield United,2,0,H,1,1,0,0
E1,1/1/20,12:30,Brighton,Chelsea,1,1,D,2,3,0,0
E1,1/1/20,12:30,Burnley,Aston Villa,1,2,A,1,1,0,0
E1,1/1/20,15:00,Newcastle,Leicester City,0,3,A,1,1,0,0
E1,1/1/20,15:00,Southampton,Tottenham,1,0,H,3,4,0,0
E1,1/1/20,15:00,Watford,Wolves,2,1,H,3,1,1,0
E1,1/1/20,17:30,Manchester City,Everton,2,1,H,0,4,0,0
E1,1/1/20,17:30,Norwich,Crystal Palace,1,1,D,5,0,0,0
E1,1/1/20,17:30,West Ham,Bournemouth,4,0,H,1,2,0,0
E1,1/1/20,20:00,Arsenal,Manchester United,2,0,H,2,0,0,0
E1,2/1/20,20:00,Liverpool,Sheffield United,2,0,H,0,0,0,0
E1,10/1/20,20:00,Sheffield United,West Ham,1,0,H,1,0,0,0
E1,11/1/20,12:30,Crystal Palace,Arsenal,1,1,D,2,3,0,1
E1,11/1/20,15:00,Chelsea,Burnley,3,0,H,0,3,0,0
E1,11/1/20,15:00,Everton,Brighton,1,0,H,2,1,0,0
E1,11/1/20,15:00,Leicester City,Southampton,1,2,A,0,3,0,0
E1,11/1/20,15:00,Manchester United,Norwich,4,0,H,0,0,0,0
E1,11/1/20,15:00,Wolves,Newcastle,1,1,D,0,3,0,0
E1,11/1/20,17:30,Tottenham,Liverpool,0,1,A,0,2,0,0
E1,12/1/20,14:00,Bournemouth,Watford,0,3,A,1,1,0,0
E1,12/1/20,16:30,Aston Villa,Manchester City,1,6,A,2,1,0,0
E1,18/01/2020,12:30,Watford,Tottenham,0,0,D,2,3,0,0
E1,18/01/2020,15:00,Arsenal,Sheffield United,1,1,D,1,2,0,0
E1,18/01/2020,15:00,Brighton,Aston Villa,1,1,D,3,3,0,0
E1,18/01/2020,15:00,Manchester City,Crystal Palace,2,2,D,1,2,0,0
E1,18/01/2020,15:00,Norwich,Bournemouth,1,0,H,2,2,1,1
E1,18/01/2020,15:00,Southampton,Wolves,2,3,A,2,1,0,0
E1,18/01/2020,15:00,West Ham,Everton,1,1,D,1,0,0,0
E1,18/01/2020,17:30,Newcastle,Chelsea,1,0,H,1,1,0,0
E1,19/01/2020,14:00,Burnley,Leicester City,2,1,H,1,0,0,0
E1,19/01/2020,16:30,Liverpool,Manchester United,2,0,H,1,3,0,0
E1,21/01/2020,19:30,Aston Villa,Watford,2,1,H,2,2,0,0
E1,21/01/2020,19:30,Bournemouth,Brighton,3,1,H,1,1,0,0
E1,21/01/2020,19:30,Crystal Palace,Southampton,0,2,A,1,2,0,0
E1,21/01/2020,19:30,Everton,Newcastle,2,2,D,1,1,0,0
E1,21/01/2020,19:30,Sheffield United,Manchester City,0,1,A,4,3,0,0
E1,21/01/2020,20:15,Chelsea,Arsenal,2,2,D,2,1,0,1
E1,22/01/2020,19:30,Leicester City,West Ham,4,1,H,1,1,0,0
E1,22/01/2020,19:30,Tottenham,Norwich,2,1,H,0,1,0,0
E1,22/01/2020,20:15,Manchester United,Burnley,0,2,A,0,2,0,0
E1,23/01/2020,20:00,Wolves,Liverpool,1,2,A,0,1,0,0
E1,29/01/2020,19:45,West Ham,Liverpool,0,2,A,2,0,0,0
E1,1/2/20,12:30,Leicester City,Chelsea,2,2,D,2,2,0,0
E1,1/2/20,15:00,Bournemouth,Aston Villa,2,1,H,1,3,1,0
E1,1/2/20,15:00,Crystal Palace,Sheffield United,0,1,A,3,2,0,0
E1,1/2/20,15:00,Liverpool,Southampton,4,0,H,0,2,0,0
E1,1/2/20,15:00,Newcastle,Norwich,0,0,D,2,1,0,0
E1,1/2/20,15:00,Watford,Everton,2,3,A,2,2,0,1
E1,1/2/20,15:00,West Ham,Brighton,3,3,D,1,1,0,0
E1,1/2/20,17:30,Manchester United,Wolves,0,0,D,3,2,0,0
E1,2/2/20,14:00,Burnley,Arsenal,0,0,D,1,3,0,0
E1,2/2/20,16:30,Tottenham,Manchester City,2,0,H,2,3,0,1
E1,8/2/20,12:30,Everton,Crystal Palace,3,1,H,0,1,0,0
E1,8/2/20,17:30,Brighton,Watford,1,1,D,2,2,0,0
E1,9/2/20,14:00,Sheffield United,Bournemouth,2,1,H,2,2,0,0
E1,14/02/2020,20:00,Wolves,Leicester City,0,0,D,2,2,0,1
E1,15/02/2020,12:30,Southampton,Burnley,1,2,A,2,2,0,0
E1,15/02/2020,17:30,Norwich,Liverpool,0,1,A,1,2,0,0
E1,16/02/2020,14:00,Aston Villa,Tottenham,2,3,A,2,0,0,0
E1,16/02/2020,16:30,Arsenal,Newcastle,4,0,H,2,0,0,0
E1,17/02/2020,20:00,Chelsea,Manchester United,0,2,A,4,3,0,0
E1,19/02/2020,19:30,Manchester City,West Ham,2,0,H,0,1,0,0
E1,22/02/2020,12:30,Chelsea,Tottenham,2,1,H,1,2,0,0
E1,22/02/2020,15:00,Burnley,Bournemouth,3,0,H,4,3,0,0
E1,22/02/2020,15:00,Crystal Palace,Newcastle,1,0,H,2,6,0,1
E1,22/02/2020,15:00,Sheffield United,Brighton,1,1,D,0,2,0,0
E1,22/02/2020,15:00,Southampton,Aston Villa,2,0,H,1,4,0,0
E1,22/02/2020,17:30,Leicester City,Manchester City,0,1,A,0,0,0,0
E1,23/02/2020,14:00,Manchester United,Watford,3,0,H,0,1,0,0
E1,23/02/2020,14:00,Wolves,Norwich,3,0,H,2,3,0,0
E1,23/02/2020,16:30,Arsenal,Everton,3,2,H,0,4,0,0
E1,24/02/2020,20:00,Liverpool,West Ham,3,2,H,0,3,0,0
E1,28/02/2020,20:00,Norwich,Leicester City,1,0,H,1,2,0,0
E1,29/02/2020,12:30,Brighton,Crystal Palace,0,1,A,1,1,0,0
E1,29/02/2020,15:00,Bournemouth,Chelsea,2,2,D,2,2,0,0
E1,29/02/2020,15:00,Newcastle,Burnley,0,0,D,4,3,0,0
E1,29/02/2020,15:00,West Ham,Southampton,3,1,H,1,1,0,0
E1,29/02/2020,17:30,Watford,Liverpool,3,0,H,0,0,0,0
E1,1/3/20,14:00,Everton,Manchester United,1,1,D,3,4,0,0
E1,1/3/20,14:00,Tottenham,Wolves,2,3,A,3,2,0,0
E1,7/3/20,12:30,Liverpool,Bournemouth,2,1,H,0,1,0,0
E1,7/3/20,15:00,Arsenal,West Ham,1,0,H,1,2,0,0
E1,7/3/20,15:00,Crystal Palace,Watford,1,0,H,4,4,0,0
E1,7/3/20,15:00,Sheffield United,Norwich,1,0,H,0,0,0,0
E1,7/3/20,15:00,Southampton,Newcastle,0,1,A,0,3,1,0
E1,7/3/20,15:00,Wolves,Brighton,0,0,D,1,3,0,0
E1,7/3/20,17:30,Burnley,Tottenham,1,1,D,5,4,0,0
E1,8/3/20,14:00,Chelsea,Everton,4,0,H,1,2,0,0
E1,8/3/20,16:30,Manchester United,Manchester City,2,0,H,2,4,0,0
E1,9/3/20,20:00,Leicester City,Aston Villa,4,0,H,2,1,0,0
E1,17/06/2020,18:00,Aston Villa,Sheffield United,0,0,D,1,1,0,0
E1,17/06/2020,20:15,Manchester City,Arsenal,3,0,H,1,1,0,1
E1,19/06/2020,18:00,Norwich,Southampton,0,3,A,1,1,0,0
E1,19/06/2020,20:15,Tottenham,Manchester United,1,1,D,0,1,0,0
E1,20/06/2020,12:30,Watford,Leicester City,1,1,D,0,1,0,0
E1,20/06/2020,15:00,Brighton,Arsenal,2,1,H,2,1,0,0
E1,20/06/2020,17:30,West Ham,Wolves,0,2,A,1,1,0,0
E1,20/06/2020,19:45,Bournemouth,Crystal Palace,0,2,A,3,2,0,0
E1,21/06/2020,14:00,Newcastle,Sheffield United,3,0,H,2,0,0,1
E1,21/06/2020,16:15,Aston Villa,Chelsea,1,2,A,2,1,0,0
E1,21/06/2020,19:00,Everton,Liverpool,0,0,D,2,2,0,0
E1,22/06/2020,20:00,Manchester City,Burnley,5,0,H,1,1,0,0
E1,23/06/2020,18:00,Leicester City,Brighton,0,0,D,2,2,0,0
E1,23/06/2020,20:15,Tottenham,West Ham,2,0,H,2,2,0,0
E1,24/06/2020,18:00,Manchester United,Sheffield United,3,0,H,1,0,0,0
E1,24/06/2020,18:00,Newcastle,Aston Villa,1,1,D,2,2,0,0
E1,24/06/2020,18:00,Norwich,Everton,0,1,A,0,1,0,0
E1,24/06/2020,18:00,Wolves,Bournemouth,1,0,H,3,3,0,0
E1,24/06/2020,20:15,Liverpool,Crystal Palace,4,0,H,0,0,0,0
E1,25/06/2020,18:00,Burnley,Watford,1,0,H,1,0,0,0
E1,25/06/2020,18:00,Southampton,Arsenal,0,2,A,0,2,1,0
E1,25/06/2020,20:15,Chelsea,Manchester City,2,1,H,1,1,0,1
E1,27/06/2020,12:30,Aston Villa,Wolves,0,1,A,1,1,0,0
E1,28/06/2020,16:30,Watford,Southampton,1,3,A,3,0,0,0
E1,29/06/2020,20:00,Crystal Palace,Burnley,0,1,A,1,1,0,0
E1,30/06/2020,20:15,Brighton,Manchester United,0,3,A,0,1,0,0
E1,1/7/20,18:00,Arsenal,Norwich,4,0,H,1,4,0,0
E1,1/7/20,18:00,Bournemouth,Newcastle,1,4,A,2,0,0,0
E1,1/7/20,18:00,Everton,Leicester City,2,1,H,1,1,0,0
E1,1/7/20,20:15,West Ham,Chelsea,3,2,H,2,1,0,0
E1,2/7/20,18:00,Sheffield United,Tottenham,3,1,H,2,0,0,0
E1,2/7/20,20:15,Manchester City,Liverpool,4,0,H,2,2,0,0
E1,4/7/20,12:30,Norwich,Brighton,0,1,A,2,2,0,0
E1,4/7/20,15:00,Leicester City,Crystal Palace,3,0,H,2,1,0,0
E1,4/7/20,15:00,Manchester United,Bournemouth,5,2,H,0,1,0,0
E1,4/7/20,17:30,Wolves,Arsenal,0,2,A,2,4,0,0
E1,4/7/20,20:00,Chelsea,Watford,3,0,H,0,2,0,0
E1,5/7/20,12:00,Burnley,Sheffield United,1,1,D,0,0,0,0
E1,5/7/20,14:15,Newcastle,West Ham,2,2,D,0,0,0,0
E1,5/7/20,16:30,Liverpool,Aston Villa,2,0,H,1,1,0,0
E1,5/7/20,19:00,Southampton,Manchester City,1,0,H,1,2,0,0
E1,6/7/20,20:00,Tottenham,Everton,1,0,H,3,2,0,0
E1,7/7/20,18:00,Crystal Palace,Chelsea,2,3,A,1,0,0,0
E1,7/7/20,18:00,Watford,Norwich,2,1,H,2,4,0,0
E1,7/7/20,20:15,Arsenal,Leicester City,1,1,D,1,0,1,0
E1,8/7/20,18:00,Manchester City,Newcastle,5,0,H,0,0,0,0
E1,8/7/20,18:00,Sheffield United,Wolves,1,0,H,2,0,0,0
E1,8/7/20,18:00,West Ham,Burnley,0,1,A,1,1,0,0
E1,8/7/20,20:15,Brighton,Liverpool,1,3,A,1,4,0,0
E1,9/7/20,18:00,Bournemouth,Tottenham,0,0,D,3,2,0,0
E1,9/7/20,18:00,Everton,Southampton,1,1,D,3,3,0,0
E1,9/7/20,20:15,Aston Villa,Manchester United,0,3,A,2,3,0,0
E1,11/7/20,12:30,Norwich,West Ham,0,4,A,1,0,0,0
E1,11/7/20,12:30,Watford,Newcastle,2,1,H,1,4,0,0
E1,11/7/20,15:00,Liverpool,Burnley,1,1,D,1,2,0,0
E1,11/7/20,17:30,Sheffield United,Chelsea,3,0,H,1,0,0,0
E1,11/7/20,20:00,Brighton,Manchester City,0,5,A,1,0,0,0
E1,12/7/20,12:00,Wolves,Everton,3,0,H,0,2,0,0
E1,12/7/20,14:15,Aston Villa,Crystal Palace,2,0,H,2,4,0,1
E1,12/7/20,16:30,Tottenham,Arsenal,2,1,H,5,3,0,0
E1,12/7/20,19:00,Bournemouth,Leicester City,4,1,H,2,1,0,1
E1,13/07/2020,20:00,Manchester United,Southampton,2,2,D,1,3,0,0
E1,14/07/2020,20:15,Chelsea,Norwich,1,0,H,2,2,0,0
E1,15/07/2020,18:00,Burnley,Wolves,1,1,D,0,0,0,0
E1,15/07/2020,18:00,Manchester City,Bournemouth,2,1,H,1,1,0,0
E1,15/07/2020,18:00,Newcastle,Tottenham,1,3,A,2,3,0,0
E1,15/07/2020,20:15,Arsenal,Liverpool,2,1,H,3,1,0,0
E1,16/07/2020,18:00,Everton,Aston Villa,1,1,D,2,1,0,0
E1,16/07/2020,18:00,Leicester City,Sheffield United,2,0,H,1,2,0,0
E1,16/07/2020,20:15,Crystal Palace,Manchester United,0,2,A,1,2,0,0
E1,16/07/2020,20:15,Southampton,Brighton,1,1,D,1,0,0,0
E1,17/07/2020,20:00,West Ham,Watford,3,1,H,0,2,0,0
E1,18/07/2020,17:30,Norwich,Burnley,0,2,A,0,0,2,0
E1,19/07/2020,14:00,Bournemouth,Southampton,0,2,A,2,2,0,0
E1,19/07/2020,16:00,Tottenham,Leicester City,3,0,H,2,1,0,0
E1,20/07/2020,18:00,Brighton,Newcastle,0,0,D,4,2,0,0
E1,20/07/2020,18:00,Sheffield United,Everton,0,1,A,1,3,0,0
E1,20/07/2020,20:15,Wolves,Crystal Palace,2,0,H,2,1,0,0
E1,21/07/2020,18:00,Watford,Manchester City,0,4,A,2,0,0,0
E1,21/07/2020,20:15,Aston Villa,Arsenal,1,0,H,2,4,0,0
E1,22/07/2020,18:00,Manchester United,West Ham,1,1,D,3,1,0,0
E1,22/07/2020,20:15,Liverpool,Chelsea,5,3,H,1,0,0,0
E1,26/07/2020,16:00,Arsenal,Watford,3,2,H,3,3,0,0
E1,26/07/2020,16:00,Burnley,Brighton,1,2,A,3,0,0,0
E1,26/07/2020,16:00,Chelsea,Wolves,2,0,H,2,3,0,0
E1,26/07/2020,16:00,Crystal Palace,Tottenham,1,1,D,3,2,0,0
E1,26/07/2020,16:00,Everton,Bournemouth,1,3,A,1,0,0,0
E1,26/07/2020,16:00,Leicester City,Manchester United,0,2,A,1,4,1,0
E1,26/07/2020,16:00,Manchester City,Norwich,5,0,H,1,1,0,0
E1,26/07/2020,16:00,Newcastle,Liverpool,1,3,A,1,0,0,0
E1,26/07/2020,16:00,Southampton,Sheffield United,3,1,H,0,1,0,0
E1,26/07/2020,16:00,West Ham,Aston Villa,1,1,D,2,1,0,0
G1,16/08/2019,19:30,Bayern,Hertha,2,2,D,3,3,0,0
G1,17/08/2019,14:30,Dortmund,Augsburg,5,1,H,0,0,0,0
G1,17/08/2019,14:30,Freiburg,Mainz,3,0,H,1,3,0,0
G1,17/08/2019,14:30,Leverkusen,Paderborn,3,2,H,2,0,0,0
G1,17/08/2019,14:30,Werder Bremen,Düsseldorf,1,3,A,0,2,0,0
G1,17/08/2019,14:30,Wolfsburg,FC Köln,2,1,H,1,3,0,0
G1,17/08/2019,17:30,Mönchengladbach,Schalke,0,0,D,3,2,0,0
G1,18/08/2019,14:30,Frankfurt,Hoffenheim,1,0,H,3,1,0,0
G1,18/08/2019,17:00,Union Berlin,RB Leipzig,0,4,A,1,0,0,0
G1,23/08/2019,19:30,FC Köln,Dortmund,1,3,A,2,1,0,0
G1,24/08/2019,14:30,Augsburg,Union Berlin,1,1,D,3,1,0,1
G1,24/08/2019,14:30,Düsseldorf,Leverkusen,1,3,A,3,2,0,0
G1,24/08/2019,14:30,Hoffenheim,Werder Bremen,3,2,H,2,5,0,1
G1,24/08/2019,14:30,Mainz,Mönchengladbach,1,3,A,2,2,0,0
G1,24/08/2019,14:30,Paderborn,Freiburg,1,3,A,3,1,0,0
G1,24/08/2019,17:30,Schalke,Bayern,0,3,A,0,0,0,0
G1,25/08/2019,14:30,RB Leipzig,Frankfurt,2,1,H,2,3,0,0
G1,25/08/2019,17:00,Hertha,Wolfsburg,0,3,A,1,0,0,0
G1,30/08/2019,19:30,Mönchengladbach,RB Leipzig,1,3,A,3,2,0,0
G1,31/08/2019,14:30,Bayern,Mainz,6,1,H,3,3,0,0
G1,31/08/2019,14:30,Freiburg,FC Köln,1,2,A,0,2,0,0
G1,31/08/2019,14:30,Leverkusen,Hoffenheim,0,0,D,2,2,0,0
G1,31/08/2019,14:30,Schalke,Hertha,3,0,H,1,1,0,0
G1,31/08/2019,14:30,Wolfsburg,Paderborn,1,1,D,0,3,0,0
G1,31/08/2019,17:30,Union Berlin,Dortmund,3,1,H,0,0,0,0
G1,1/9/19,14:30,Werder Bremen,Augsburg,3,2,H,1,4,0,1
G1,1/9/19,17:00,Frankfurt,Düsseldorf,2,1,H,2,4,0,0
G1,13/09/2019,19:30,Düsseldorf,Wolfsburg,1,1,D,0,2,0,0
G1,14/09/2019,14:30,Augsburg,Frankfurt,2,1,H,2,1,0,0
G1,14/09/2019,14:30,Dortmund,Leverkusen,4,0,H,0,3,0,0
G1,14/09/2019,14:30,FC Köln,Mönchengladbach,0,1,A,2,2,0,0
G1,14/09/2019,14:30,Mainz,Hertha,2,1,H,2,2,0,0
G1,14/09/2019,14:30,Union Berlin,Werder Bremen,1,2,A,3,4,1,1
G1,14/09/2019,17:30,RB Leipzig,Bayern,1,1,D,4,2,0,0
G1,15/09/2019,14:30,Hoffenheim,Freiburg,0,3,A,0,2,0,0
G1,15/09/2019,17:00,Paderborn,Schalke,1,5,A,2,1,0,0
G1,20/09/2019,19:30,Schalke,Mainz,2,1,H,1,1,0,0
G1,21/09/2019,14:30,Bayern,FC Köln,4,0,H,4,0,0,1
G1,21/09/2019,14:30,Freiburg,Augsburg,1,1,D,1,1,0,0
G1,21/09/2019,14:30,Hertha,Paderborn,2,1,H,4,4,0,0
G1,21/09/2019,14:30,Leverkusen,Union Berlin,2,0,H,0,1,0,1
G1,21/09/2019,17:30,Werder Bremen,RB Leipzig,0,3,A,0,3,0,1
G1,22/09/2019,14:30,Mönchengladbach,Düsseldorf,2,1,H,2,3,0,0
G1,22/09/2019,17:00,Frankfurt,Dortmund,2,2,D,2,2,0,0
G1,23/09/2019,19:30,Wolfsburg,Hoffenheim,1,1,D,2,4,0,0
G1,27/09/2019,19:30,Union Berlin,Frankfurt,1,2,A,1,1,0,0
G1,28/09/2019,14:30,Augsburg,Leverkusen,0,3,A,4,0,0,0
G1,28/09/2019,14:30,Hoffenheim,Mönchengladbach,0,3,A,2,2,0,0
G1,28/09/2019,14:30,Mainz,Wolfsburg,0,1,A,2,3,0,0
G1,28/09/2019,14:30,Paderborn,Bayern,2,3,A,1,1,0,0
G1,28/09/2019,14:30,RB Leipzig,Schalke,1,3,A,1,1,0,0
G1,28/09/2019,17:30,Dortmund,Werder Bremen,2,2,D,1,0,0,0
G1,29/09/2019,14:30,Düsseldorf,Freiburg,1,2,A,2,2,0,0
G1,29/09/2019,17:00,FC Köln,Hertha,0,4,A,1,0,1,0
G1,4/10/19,19:30,Hertha,Düsseldorf,3,1,H,3,3,0,0
G1,5/10/19,14:30,Bayern,Hoffenheim,1,2,A,2,0,0,0
G1,5/10/19,14:30,Freiburg,Dortmund,2,2,D,0,3,0,0
G1,5/10/19,14:30,Leverkusen,RB Leipzig,1,1,D,2,2,0,0
G1,5/10/19,14:30,Paderborn,Mainz,1,2,A,1,4,0,0
G1,5/10/19,17:30,Schalke,FC Köln,1,1,D,4,4,0,0
G1,6/10/19,12:30,Mönchengladbach,Augsburg,5,1,H,1,2,0,0
G1,6/10/19,14:30,Wolfsburg,Union Berlin,1,0,H,2,2,0,0
G1,6/10/19,17:00,Frankfurt,Werder Bremen,2,2,D,2,1,0,0
G1,18/10/2019,19:30,Frankfurt,Leverkusen,3,0,H,1,1,0,0
G1,19/10/2019,14:30,Augsburg,Bayern,2,2,D,3,3,0,0
G1,19/10/2019,14:30,Düsseldorf,Mainz,1,0,H,2,4,0,1
G1,19/10/2019,14:30,RB Leipzig,Wolfsburg,1,1,D,1,3,0,0
G1,19/10/2019,14:30,Union Berlin,Freiburg,2,0,H,3,0,0,0
G1,19/10/2019,14:30,Werder Bremen,Hertha,1,1,D,1,1,0,0
G1,19/10/2019,17:30,Dortmund,Mönchengladbach,1,0,H,1,2,0,0
G1,20/10/2019,14:30,FC Köln,Paderborn,3,0,H,0,0,0,0
G1,20/10/2019,17:00,Hoffenheim,Schalke,2,0,H,2,2,0,0
G1,25/10/2019,19:30,Mainz,FC Köln,3,1,H,2,2,0,0
G1,26/10/2019,14:30,Bayern,Union Berlin,2,1,H,0,1,0,0
G1,26/10/2019,14:30,Freiburg,RB Leipzig,2,1,H,3,1,0,0
G1,26/10/2019,14:30,Hertha,Hoffenheim,2,3,A,3,3,1,0
G1,26/10/2019,14:30,Paderborn,Düsseldorf,2,0,H,5,4,0,0
G1,26/10/2019,14:30,Schalke,Dortmund,0,0,D,3,2,0,0
G1,26/10/2019,17:30,Leverkusen,Werder Bremen,2,2,D,2,1,0,0
G1,27/10/2019,14:30,Wolfsburg,Augsburg,0,0,D,0,0,0,0
G1,27/10/2019,17:00,Mönchengladbach,Frankfurt,4,2,H,1,1,0,0
G1,1/11/19,19:30,Hoffenheim,Paderborn,3,0,H,0,1,0,0
G1,2/11/19,14:30,Dortmund,Wolfsburg,3,0,H,1,3,0,0
G1,2/11/19,14:30,Frankfurt,Bayern,5,1,H,1,2,0,1
G1,2/11/19,14:30,Leverkusen,Mönchengladbach,1,2,A,2,1,1,0
G1,2/11/19,14:30,RB Leipzig,Mainz,8,0,H,0,1,0,0
G1,2/11/19,14:30,Werder Bremen,Freiburg,2,2,D,3,4,0,1
G1,2/11/19,17:30,Union Berlin,Hertha,1,0,H,1,1,0,0
G1,3/11/19,14:30,Düsseldorf,FC Köln,2,0,H,1,3,0,0
G1,3/11/19,17:00,Augsburg,Schalke,2,3,A,3,5,0,0
G1,8/11/19,19:30,FC Köln,Hoffenheim,1,2,A,4,3,0,0
G1,9/11/19,14:30,Hertha,RB Leipzig,2,4,A,2,1,0,0
G1,9/11/19,14:30,Mainz,Union Berlin,2,3,A,1,4,0,0
G1,9/11/19,14:30,Paderborn,Augsburg,0,1,A,1,3,0,0
G1,9/11/19,14:30,Schalke,Düsseldorf,3,3,D,2,4,0,0
G1,9/11/19,17:30,Bayern,Dortmund,4,0,H,2,1,0,0
G1,10/11/19,12:30,Mönchengladbach,Werder Bremen,3,1,H,5,4,1,0
G1,10/11/19,14:30,Wolfsburg,Leverkusen,0,2,A,2,2,0,0
G1,10/11/19,17:00,Freiburg,Frankfurt,1,0,H,1,3,1,2
G1,22/11/2019,19:30,Dortmund,Paderborn,3,3,D,3,1,0,0
G1,23/11/2019,14:30,Frankfurt,Wolfsburg,0,2,A,3,5,0,1
G1,23/11/2019,14:30,Düsseldorf,Bayern,0,4,A,1,1,0,0
G1,23/11/2019,14:30,Leverkusen,Freiburg,1,1,D,0,3,0,0
G1,23/11/2019,14:30,Union Berlin,Mönchengladbach,2,0,H,1,1,0,0
G1,23/11/2019,14:30,Werder Bremen,Schalke,1,2,A,3,2,0,0
G1,23/11/2019,17:30,RB Leipzig,FC Köln,4,1,H,0,3,0,0
G1,24/11/2019,14:30,Augsburg,Hertha,4,0,H,0,2,0,1
G1,24/11/2019,17:00,Hoffenheim,Mainz,1,5,A,1,3,0,1
G1,29/11/2019,19:30,Schalke,Union Berlin,2,1,H,1,4,0,0
G1,30/11/2019,14:30,FC Köln,Augsburg,1,1,D,8,3,1,1
G1,30/11/2019,14:30,Hertha,Dortmund,1,2,A,3,2,0,1
G1,30/11/2019,14:30,Hoffenheim,Düsseldorf,1,1,D,2,4,0,0
G1,30/11/2019,14:30,Paderborn,RB Leipzig,2,3,A,3,3,0,0
G1,30/11/2019,17:30,Bayern,Leverkusen,1,2,A,1,3,0,1
G1,1/12/19,14:30,Mönchengladbach,Freiburg,4,2,H,3,2,0,0
G1,1/12/19,17:00,Wolfsburg,Werder Bremen,2,3,A,1,4,0,0
G1,2/12/19,19:30,Mainz,Frankfurt,2,1,H,1,2,0,1
G1,6/12/19,19:30,Frankfurt,Hertha,2,2,D,3,4,0,0
G1,7/12/19,14:30,Augsburg,Mainz,2,1,H,2,2,0,0
G1,7/12/19,14:30,Dortmund,Düsseldorf,5,0,H,0,3,0,0
G1,7/12/19,14:30,Freiburg,Wolfsburg,1,0,H,0,2,0,0
G1,7/12/19,14:30,Mönchengladbach,Bayern,2,1,H,3,5,0,1
G1,7/12/19,14:30,RB Leipzig,Hoffenheim,3,1,H,3,1,0,0
G1,7/12/19,17:30,Leverkusen,Schalke,2,1,H,2,2,0,0
G1,8/12/19,14:30,Union Berlin,FC Köln,2,0,H,1,3,0,0
G1,8/12/19,17:00,Werder Bremen,Paderborn,0,1,A,1,4,0,0
G1,13/12/2019,19:30,Hoffenheim,Augsburg,2,4,A,1,0,0,0
G1,14/12/2019,14:30,Bayern,Werder Bremen,6,1,H,2,2,0,0
G1,14/12/2019,14:30,FC Köln,Leverkusen,2,0,H,2,3,0,2
G1,14/12/2019,14:30,Hertha,Freiburg,1,0,H,2,0,0,0
G1,14/12/2019,14:30,Mainz,Dortmund,0,4,A,1,0,0,0
G1,14/12/2019,14:30,Paderborn,Union Berlin,1,1,D,2,4,0,0
G1,14/12/2019,17:30,Düsseldorf,RB Leipzig,0,3,A,2,1,0,0
G1,15/12/2019,14:30,Wolfsburg,Mönchengladbach,2,1,H,3,3,0,0
G1,15/12/2019,17:00,Schalke,Frankfurt,1,0,H,1,4,1,0
G1,17/12/2019,17:30,Werder Bremen,Mainz,0,5,A,2,2,0,0
G1,17/12/2019,19:30,Augsburg,Düsseldorf,3,0,H,3,4,0,0
G1,17/12/2019,19:30,Dortmund,RB Leipzig,3,3,D,0,0,0,0
G1,17/12/2019,19:30,Union Berlin,Hoffenheim,0,2,A,2,6,0,0
G1,18/12/2019,17:30,Leverkusen,Hertha,0,1,A,2,3,0,0
G1,18/12/2019,19:30,Frankfurt,FC Köln,2,4,A,2,4,0,0
G1,18/12/2019,19:30,Freiburg,Bayern,1,3,A,0,3,0,0
G1,18/12/2019,19:30,Mönchengladbach,Paderborn,2,0,H,2,3,0,0
G1,18/12/2019,19:30,Wolfsburg,Schalke,1,1,D,1,1,0,0
G1,20/12/2019,19:30,Hoffenheim,Dortmund,2,1,H,0,1,0,0
G1,21/12/2019,14:30,Bayern,Wolfsburg,2,0,H,2,2,0,0
G1,21/12/2019,14:30,FC Köln,Werder Bremen,1,0,H,1,4,0,0
G1,21/12/2019,14:30,Mainz,Leverkusen,0,1,A,0,2,0,1
G1,21/12/2019,14:30,RB Leipzig,Augsburg,3,1,H,1,3,0,0
G1,21/12/2019,14:30,Schalke,Freiburg,2,2,D,1,1,0,0
G1,21/12/2019,17:30,Hertha,Mönchengladbach,0,0,D,2,2,0,0
G1,22/12/2019,14:30,Düsseldorf,Union Berlin,2,1,H,2,4,0,0
G1,22/12/2019,17:00,Paderborn,Frankfurt,2,1,H,3,2,0,0
G1,17/01/2020,19:30,Schalke,Mönchengladbach,2,0,H,3,4,0,0
G1,18/01/2020,14:30,Augsburg,Dortmund,3,5,A,0,1,0,0
G1,18/01/2020,14:30,FC Köln,Wolfsburg,3,1,H,3,3,0,0
G1,18/01/2020,14:30,Düsseldorf,Werder Bremen,0,1,A,4,5,0,1
G1,18/01/2020,14:30,Hoffenheim,Frankfurt,1,2,A,2,2,0,0
G1,18/01/2020,14:30,Mainz,Freiburg,1,2,A,4,2,0,0
G1,18/01/2020,17:30,RB Leipzig,Union Berlin,3,1,H,1,3,0,0
G1,19/01/2020,14:30,Hertha,Bayern,0,4,A,3,1,0,0
G1,19/01/2020,17:00,Paderborn,Leverkusen,1,4,A,4,1,0,0
G1,24/01/2020,19:30,Dortmund,FC Köln,5,1,H,1,1,0,0
G1,25/01/2020,14:30,Frankfurt,RB Leipzig,2,0,H,1,2,0,0
G1,25/01/2020,14:30,Freiburg,Paderborn,0,2,A,4,4,0,1
G1,25/01/2020,14:30,Mönchengladbach,Mainz,3,1,H,2,3,0,0
G1,25/01/2020,14:30,Union Berlin,Augsburg,2,0,H,4,1,0,0
G1,25/01/2020,14:30,Wolfsburg,Hertha,1,2,A,0,1,0,0
G1,25/01/2020,17:30,Bayern,Schalke,5,0,H,0,0,0,0
G1,26/01/2020,14:30,Werder Bremen,Hoffenheim,0,3,A,2,2,0,0
G1,26/01/2020,17:00,Leverkusen,Düsseldorf,3,0,H,0,3,0,0
G1,31/01/2020,19:30,Hertha,Schalke,0,0,D,1,1,0,0
G1,1/2/20,14:30,Augsburg,Werder Bremen,2,1,H,2,5,0,0
G1,1/2/20,14:30,Dortmund,Union Berlin,5,0,H,0,1,0,0
G1,1/2/20,14:30,Düsseldorf,Frankfurt,1,1,D,2,1,0,0
G1,1/2/20,14:30,Hoffenheim,Leverkusen,2,1,H,3,3,0,1
G1,1/2/20,14:30,Mainz,Bayern,1,3,A,3,1,0,0
G1,1/2/20,17:30,RB Leipzig,Mönchengladbach,2,2,D,1,6,0,1
G1,2/2/20,14:30,FC Köln,Freiburg,4,0,H,3,1,0,0
G1,2/2/20,17:00,Paderborn,Wolfsburg,2,4,A,3,3,1,0
G1,7/2/20,19:30,Frankfurt,Augsburg,5,0,H,1,0,0,0
G1,8/2/20,14:30,Freiburg,Hoffenheim,1,0,H,3,3,0,0
G1,8/2/20,14:30,Hertha,Mainz,1,3,A,4,1,1,0
G1,8/2/20,14:30,Schalke,Paderborn,1,1,D,2,3,0,0
G1,8/2/20,14:30,Werder Bremen,Union Berlin,0,2,A,4,3,0,0
G1,8/2/20,14:30,Wolfsburg,Düsseldorf,1,1,D,0,1,1,0
G1,8/2/20,17:30,Leverkusen,Dortmund,4,3,H,2,1,0,0
G1,9/2/20,17:00,Bayern,RB Leipzig,0,0,D,2,2,0,0
G1,14/02/2020,19:30,Dortmund,Frankfurt,4,0,H,0,1,0,0
G1,15/02/2020,14:30,Augsburg,Freiburg,1,1,D,4,1,0,0
G1,15/02/2020,14:30,Hoffenheim,Wolfsburg,2,3,A,2,2,0,0
G1,15/02/2020,14:30,Paderborn,Hertha,1,2,A,2,2,0,0
G1,15/02/2020,14:30,RB Leipzig,Werder Bremen,3,0,H,1,1,0,0
G1,15/02/2020,14:30,Union Berlin,Leverkusen,2,3,A,2,2,0,0
G1,15/02/2020,17:30,Düsseldorf,Mönchengladbach,1,4,A,2,2,0,0
G1,16/02/2020,14:30,FC Köln,Bayern,1,4,A,1,3,0,0
G1,16/02/2020,17:00,Mainz,Schalke,0,0,D,2,2,0,0
G1,21/02/2020,19:30,Bayern,Paderborn,3,2,H,1,3,0,0
G1,22/02/2020,14:30,Freiburg,Düsseldorf,0,2,A,1,4,0,0
G1,22/02/2020,14:30,Hertha,FC Köln,0,5,A,2,2,0,0
G1,22/02/2020,14:30,Mönchengladbach,Hoffenheim,1,1,D,4,4,0,0
G1,22/02/2020,14:30,Werder Bremen,Dortmund,0,2,A,0,0,0,0
G1,22/02/2020,17:30,Schalke,RB Leipzig,0,5,A,2,3,0,0
G1,23/02/2020,14:30,Leverkusen,Augsburg,2,0,H,2,4,0,0
G1,23/02/2020,17:00,Wolfsburg,Mainz,4,0,H,0,2,0,0
G1,24/02/2020,19:30,Frankfurt,Union Berlin,1,2,A,3,4,0,0
G1,28/02/2020,19:30,Düsseldorf,Hertha,3,3,D,2,2,0,0
G1,29/02/2020,14:30,Augsburg,Mönchengladbach,2,3,A,3,2,0,0
G1,29/02/2020,14:30,Dortmund,Freiburg,1,0,H,1,0,0,0
G1,29/02/2020,14:30,Hoffenheim,Bayern,0,6,A,0,0,0,0
G1,29/02/2020,14:30,Mainz,Paderborn,2,0,H,1,3,0,0
G1,29/02/2020,17:30,FC Köln,Schalke,3,0,H,1,2,0,0
G1,1/3/20,12:30,Union Berlin,Wolfsburg,2,2,D,1,2,0,0
G1,1/3/20,14:30,RB Leipzig,Leverkusen,1,1,D,0,3,0,0
G1,6/3/20,19:00,Paderborn,FC Köln,1,2,A,3,4,0,0
G1,7/3/20,14:30,Freiburg,Union Berlin,3,1,H,2,3,0,1
G1,7/3/20,14:30,Hertha,Werder Bremen,2,2,D,3,3,0,0
G1,7/3/20,14:30,Leverkusen,Frankfurt,4,0,H,1,0,0,0
G1,7/3/20,14:30,Schalke,Hoffenheim,1,1,D,0,1,0,0
G1,7/3/20,14:30,Wolfsburg,RB Leipzig,0,0,D,2,3,0,0
G1,7/3/20,17:30,Mönchengladbach,Dortmund,1,2,A,5,5,0,0
G1,8/3/20,14:30,Bayern,Augsburg,2,0,H,1,0,0,0
G1,8/3/20,17:00,Mainz,Düsseldorf,1,1,D,3,1,1,0
G1,11/3/20,17:30,Mönchengladbach,FC Köln,2,1,H,1,2,0,0
G1,16/05/2020,14:30,Augsburg,Wolfsburg,1,2,A,1,3,0,0
G1,16/05/2020,14:30,Dortmund,Schalke,4,0,H,2,2,0,0
G1,16/05/2020,14:30,Düsseldorf,Paderborn,0,0,D,2,2,0,0
G1,16/05/2020,14:30,Hoffenheim,Hertha,0,3,A,2,3,0,0
G1,16/05/2020,14:30,RB Leipzig,Freiburg,1,1,D,0,1,0,0
G1,16/05/2020,17:30,Frankfurt,Mönchengladbach,1,3,A,5,1,0,0
G1,17/05/2020,14:30,FC Köln,Mainz,2,2,D,4,2,0,0
G1,17/05/2020,17:00,Union Berlin,Bayern,0,2,A,2,1,0,0
G1,18/05/2020,19:30,Werder Bremen,Leverkusen,1,4,A,2,1,0,0
G1,22/05/2020,19:30,Hertha,Union Berlin,4,0,H,2,1,0,0
G1,23/05/2020,14:30,Freiburg,Werder Bremen,0,1,A,0,3,0,1
G1,23/05/2020,14:30,Mönchengladbach,Leverkusen,1,3,A,1,1,0,0
G1,23/05/2020,14:30,Paderborn,Hoffenheim,1,1,D,3,0,0,0
G1,23/05/2020,14:30,Wolfsburg,Dortmund,0,2,A,4,2,1,0
G1,23/05/2020,17:30,Bayern,Frankfurt,5,2,H,0,1,0,0
G1,24/05/2020,12:30,Schalke,Augsburg,0,3,A,0,2,0,0
G1,24/05/2020,14:30,Mainz,RB Leipzig,0,5,A,3,3,0,0
G1,24/05/2020,17:00,FC Köln,Düsseldorf,2,2,D,0,1,0,0
G1,26/05/2020,17:30,Dortmund,Bayern,0,1,A,2,2,0,0
G1,26/05/2020,19:30,Frankfurt,Freiburg,3,3,D,4,1,0,0
G1,26/05/2020,19:30,Leverkusen,Wolfsburg,1,4,A,3,3,0,0
G1,26/05/2020,19:30,Werder Bremen,Mönchengladbach,0,0,D,2,1,0,0
G1,27/05/2020,17:30,RB Leipzig,Hertha,2,2,D,2,3,1,0
G1,27/05/2020,19:30,Augsburg,Paderborn,0,0,D,1,1,0,0
G1,27/05/2020,19:30,Düsseldorf,Schalke,2,1,H,3,2,0,0
G1,27/05/2020,19:30,Hoffenheim,FC Köln,3,1,H,6,1,1,1
G1,27/05/2020,19:30,Union Berlin,Mainz,1,1,D,4,2,1,0
G1,29/05/2020,19:30,Freiburg,Leverkusen,0,1,A,0,2,0,0
G1,30/05/2020,14:30,Hertha,Augsburg,2,0,H,3,3,0,0
G1,30/05/2020,14:30,Mainz,Hoffenheim,0,1,A,4,3,0,0
G1,30/05/2020,14:30,Schalke,Werder Bremen,0,1,A,5,3,0,0
G1,30/05/2020,14:30,Wolfsburg,Frankfurt,1,2,A,4,6,0,1
G1,30/05/2020,17:30,Bayern,Düsseldorf,5,0,H,0,2,0,0
G1,31/05/2020,14:30,Mönchengladbach,Union Berlin,4,1,H,3,2,0,0
G1,31/05/2020,17:00,Paderborn,Dortmund,1,6,A,2,3,0,0
G1,1/6/20,19:30,FC Köln,RB Leipzig,2,4,A,2,1,0,0
G1,3/6/20,19:30,Werder Bremen,Frankfurt,0,3,A,2,1,0,0
G1,5/6/20,19:30,Freiburg,Mönchengladbach,1,0,H,4,3,0,1
G1,6/6/20,14:30,Frankfurt,Mainz,0,2,A,3,3,0,0
G1,6/6/20,14:30,Düsseldorf,Hoffenheim,2,2,D,4,4,0,1
G1,6/6/20,14:30,Leverkusen,Bayern,2,4,A,3,3,0,0
G1,6/6/20,14:30,RB Leipzig,Paderborn,1,1,D,2,4,1,0
G1,6/6/20,17:30,Dortmund,Hertha,1,0,H,0,2,0,0
G1,7/6/20,12:30,Werder Bremen,Wolfsburg,0,1,A,3,3,0,0
G1,7/6/20,14:30,Union Berlin,Schalke,1,1,D,3,1,0,0
G1,7/6/20,17:00,Augsburg,FC Köln,1,1,D,1,3,0,0
G1,12/6/20,19:30,Hoffenheim,RB Leipzig,0,2,A,2,2,0,0
G1,13/06/2020,14:30,FC Köln,Union Berlin,1,2,A,3,0,0,0
G1,13/06/2020,14:30,Düsseldorf,Dortmund,0,1,A,1,3,0,0
G1,13/06/2020,14:30,Hertha,Frankfurt,1,4,A,2,2,1,0
G1,13/06/2020,14:30,Paderborn,Werder Bremen,1,5,A,6,3,0,0
G1,13/06/2020,14:30,Wolfsburg,Freiburg,2,2,D,0,1,0,0
G1,13/06/2020,17:30,Bayern,Mönchengladbach,2,1,H,0,2,0,0
G1,14/06/2020,14:30,Mainz,Augsburg,0,1,A,2,4,0,0
G1,14/06/2020,17:00,Schalke,Leverkusen,1,1,D,4,1,0,0
G1,16/06/2020,17:30,Mönchengladbach,Wolfsburg,3,0,H,1,4,0,0
G1,16/06/2020,19:30,Freiburg,Hertha,2,1,H,0,2,0,0
G1,16/06/2020,19:30,Union Berlin,Paderborn,1,0,H,0,0,0,0
G1,16/06/2020,19:30,Werder Bremen,Bayern,0,1,A,2,3,0,1
G1,17/06/2020,17:30,Frankfurt,Schalke,2,1,H,3,5,0,1
G1,17/06/2020,19:30,Augsburg,Hoffenheim,1,3,A,2,1,0,0
G1,17/06/2020,19:30,Dortmund,Mainz,0,2,A,6,3,0,0
G1,17/06/2020,19:30,Leverkusen,FC Köln,3,1,H,2,2,0,0
G1,17/06/2020,19:30,RB Leipzig,Düsseldorf,2,2,D,1,0,0,0
G1,20/06/2020,14:30,Bayern,Freiburg,3,1,H,0,0,0,0
G1,20/06/2020,14:30,FC Köln,Frankfurt,1,1,D,1,2,0,0
G1,20/06/2020,14:30,Düsseldorf,Augsburg,1,1,D,1,0,0,0
G1,20/06/2020,14:30,Hertha,Leverkusen,2,0,H,4,3,0,0
G1,20/06/2020,14:30,Hoffenheim,Union Berlin,4,0,H,1,3,0,0
G1,20/06/2020,14:30,Mainz,Werder Bremen,3,1,H,2,3,0,0
G1,20/06/2020,14:30,Paderborn,Mönchengladbach,1,3,A,4,2,1,0
G1,20/06/2020,14:30,RB Leipzig,Dortmund,0,2,A,3,3,0,0
G1,20/06/2020,14:30,Schalke,Wolfsburg,1,4,A,4,3,0,0
G1,27/06/2020,14:30,Augsburg,RB Leipzig,1,2,A,4,1,0,0
G1,27/06/2020,14:30,Dortmund,Hoffenheim,0,4,A,1,0,0,0
G1,27/06/2020,14:30,Frankfurt,Paderborn,3,2,H,0,1,0,0
G1,27/06/2020,14:30,Freiburg,Schalke,4,0,H,1,0,0,0
G1,27/06/2020,14:30,Leverkusen,Mainz,1,0,H,1,1,0,0
G1,27/06/2020,14:30,Mönchengladbach,Hertha,2,1,H,1,2,0,0
G1,27/06/2020,14:30,Union Berlin,Düsseldorf,3,0,H,0,1,0,0
G1,27/06/2020,14:30,Werder Bremen,FC Köln,6,1,H,1,2,0,0
G1,27/06/2020,14:30,Wolfsburg,Bayern,0,4,A,3,0,1,0
I1,24/08/2019,17:00,Parma,Juventus,0,1,A,2,3,0,0
I1,24/08/2019,19:45,Fiorentina,Napoli,3,4,A,2,4,0,0
I1,25/08/2019,17:00,Udinese,AC Milan,1,0,H,1,3,0,0
I1,25/08/2019,19:45,Cagliari,Brescia,0,1,A,2,2,0,0
I1,25/08/2019,19:45,Roma,Genoa,3,3,D,3,1,0,0
I1,25/08/2019,19:45,Sampdoria,Lazio,0,3,A,2,2,0,0
I1,25/08/2019,19:45,SPAL,Atalanta,2,3,A,2,1,0,0
I1,25/08/2019,19:45,Torino,Sassuolo,2,1,H,4,3,0,0
I1,25/08/2019,19:45,Verona,Bologna,1,1,D,1,3,1,0
I1,26/08/2019,19:45,Inter Milan,Lecce,4,0,H,1,2,0,1
I1,30/08/2019,19:45,Bologna,SPAL,1,0,H,3,2,0,0
I1,31/08/2019,17:00,AC Milan,Brescia,1,0,H,3,4,0,0
I1,31/08/2019,19:45,Juventus,Napoli,4,3,H,3,3,0,0
I1,1/9/19,17:00,Lazio,Roma,1,1,D,4,3,0,0
I1,1/9/19,19:45,Atalanta,Torino,2,3,A,2,2,0,0
I1,1/9/19,19:45,Cagliari,Inter Milan,1,2,A,5,3,0,0
I1,1/9/19,19:45,Genoa,Fiorentina,2,1,H,2,0,0,0
I1,1/9/19,19:45,Lecce,Verona,0,1,A,2,3,0,0
I1,1/9/19,19:45,Sassuolo,Sampdoria,4,1,H,1,3,0,1
I1,1/9/19,19:45,Udinese,Parma,1,3,A,1,3,0,0
I1,14/09/2019,14:00,Fiorentina,Juventus,0,0,D,3,3,0,0
I1,14/09/2019,17:00,Napoli,Sampdoria,2,0,H,2,2,0,0
I1,14/09/2019,19:45,Inter Milan,Udinese,1,0,H,2,1,0,1
I1,15/09/2019,11:30,Genoa,Atalanta,1,2,A,3,3,0,0
I1,15/09/2019,14:00,Brescia,Bologna,3,4,A,2,6,1,0
I1,15/09/2019,14:00,Parma,Cagliari,1,3,A,0,5,0,0
I1,15/09/2019,14:00,SPAL,Lazio,2,1,H,5,3,0,0
I1,15/09/2019,17:00,Roma,Sassuolo,4,2,H,1,2,0,0
I1,15/09/2019,19:45,Verona,AC Milan,0,1,A,4,3,1,1
I1,16/09/2019,19:45,Torino,Lecce,1,2,A,1,6,0,0
I1,20/09/2019,19:45,Cagliari,Genoa,3,1,H,1,1,0,0
I1,21/09/2019,14:00,Udinese,Brescia,0,1,A,4,4,0,0
I1,21/09/2019,17:00,Juventus,Verona,2,1,H,0,4,0,1
I1,21/09/2019,19:45,AC Milan,Inter Milan,0,2,A,2,1,0,0
I1,22/09/2019,11:30,Sassuolo,SPAL,3,0,H,3,2,0,0
I1,22/09/2019,14:00,Bologna,Roma,1,2,A,3,6,0,1
I1,22/09/2019,14:00,Lecce,Napoli,1,4,A,3,3,0,0
I1,22/09/2019,14:00,Sampdoria,Torino,1,0,H,2,1,0,0
I1,22/09/2019,17:00,Atalanta,Fiorentina,2,2,D,2,5,0,0
I1,22/09/2019,19:45,Lazio,Parma,2,0,H,1,3,0,0
I1,24/09/2019,18:00,Verona,Udinese,0,0,D,0,4,0,0
I1,24/09/2019,20:00,Brescia,Juventus,1,2,A,1,3,0,0
I1,25/09/2019,18:00,Roma,Atalanta,0,2,A,2,1,0,0
I1,25/09/2019,20:00,Fiorentina,Sampdoria,2,1,H,4,5,0,1
I1,25/09/2019,20:00,Genoa,Bologna,0,0,D,5,4,0,0
I1,25/09/2019,20:00,Inter Milan,Lazio,1,0,H,2,3,0,0
I1,25/09/2019,20:00,Napoli,Cagliari,0,1,A,1,1,1,0
I1,25/09/2019,20:00,Parma,Sassuolo,1,0,H,3,1,0,0
I1,25/09/2019,20:00,SPAL,Lecce,1,3,A,1,2,0,0
I1,26/09/2019,20:00,Torino,AC Milan,2,1,H,4,5,0,1
I1,28/09/2019,14:00,Juventus,SPAL,2,0,H,2,2,0,0
I1,28/09/2019,17:00,Sampdoria,Inter Milan,1,3,A,2,4,0,1
I1,28/09/2019,19:45,Sassuolo,Atalanta,1,4,A,2,2,0,0
I1,29/09/2019,11:30,Napoli,Brescia,2,1,H,2,1,0,0
I1,29/09/2019,14:00,Lazio,Genoa,4,0,H,1,2,0,0
I1,29/09/2019,14:00,Lecce,Roma,0,1,A,2,4,0,0
I1,29/09/2019,14:00,Udinese,Bologna,1,0,H,4,3,0,1
I1,29/09/2019,17:00,Cagliari,Verona,1,1,D,2,2,0,0
I1,29/09/2019,19:45,AC Milan,Fiorentina,1,3,A,2,4,1,0
I1,30/09/2019,19:45,Parma,Torino,3,2,H,2,3,0,1
I1,5/10/19,14:00,SPAL,Parma,1,0,H,5,2,1,0
I1,5/10/19,17:00,Verona,Sampdoria,2,0,H,1,3,0,0
I1,5/10/19,19:45,Genoa,AC Milan,1,2,A,4,4,2,2
I1,6/10/19,11:30,Fiorentina,Udinese,1,0,H,1,2,0,0
I1,6/10/19,14:00,Atalanta,Lecce,3,1,H,2,3,0,0
I1,6/10/19,14:00,Bologna,Lazio,2,2,D,5,4,1,1
I1,6/10/19,14:00,Roma,Cagliari,1,1,D,1,4,0,0
I1,6/10/19,17:00,Torino,Napoli,0,0,D,1,2,0,0
I1,6/10/19,19:45,Inter Milan,Juventus,1,2,A,2,3,0,0
I1,19/10/2019,14:00,Lazio,Atalanta,3,3,D,5,2,0,0
I1,19/10/2019,17:00,Napoli,Verona,2,0,H,3,3,0,0
I1,19/10/2019,19:45,Juventus,Bologna,2,1,H,2,3,0,0
I1,20/10/2019,11:30,Sassuolo,Inter Milan,3,4,A,4,3,0,0
I1,20/10/2019,14:00,Cagliari,SPAL,2,0,H,4,5,0,0
I1,20/10/2019,14:00,Sampdoria,Roma,0,0,D,3,4,0,1
I1,20/10/2019,14:00,Udinese,Torino,1,0,H,3,3,0,0
I1,20/10/2019,17:00,Parma,Genoa,5,1,H,1,2,0,0
I1,20/10/2019,19:45,AC Milan,Lecce,2,2,D,1,2,0,0
I1,21/10/2019,19:45,Brescia,Fiorentina,0,0,D,0,3,0,0
I1,25/10/2019,19:45,Verona,Sassuolo,0,1,A,5,5,0,0
I1,26/10/2019,14:00,Lecce,Juventus,1,1,D,4,1,0,0
I1,26/10/2019,17:00,Inter Milan,Parma,2,2,D,3,2,0,0
I1,26/10/2019,19:45,Genoa,Brescia,3,1,H,6,4,0,0
I1,27/10/2019,11:30,Bologna,Sampdoria,2,1,H,1,3,0,0
I1,27/10/2019,14:00,Atalanta,Udinese,7,1,H,2,3,0,1
I1,27/10/2019,14:00,SPAL,Napoli,1,1,D,4,1,0,0
I1,27/10/2019,14:00,Torino,Cagliari,1,1,D,2,3,0,0
I1,27/10/2019,17:00,Roma,AC Milan,2,1,H,4,5,0,0
I1,27/10/2019,19:45,Fiorentina,Lazio,1,2,A,5,3,1,0
I1,29/10/2019,18:00,Parma,Verona,0,1,A,1,5,0,0
I1,29/10/2019,20:00,Brescia,Inter Milan,1,2,A,4,3,0,0
I1,30/10/2019,18:00,Napoli,Atalanta,2,2,D,3,3,0,0
I1,30/10/2019,20:00,Cagliari,Bologna,3,2,H,2,1,0,0
I1,30/10/2019,20:00,Juventus,Genoa,2,1,H,5,3,1,2
I1,30/10/2019,20:00,Lazio,Torino,4,0,H,2,2,0,1
I1,30/10/2019,20:00,Sampdoria,Lecce,1,1,D,4,4,0,1
I1,30/10/2019,20:00,Sassuolo,Fiorentina,1,2,A,3,4,0,0
I1,30/10/2019,20:00,Udinese,Roma,0,4,A,4,2,0,1
I1,31/10/2019,20:00,AC Milan,SPAL,1,0,H,4,4,0,0
I1,2/11/19,14:00,Roma,Napoli,2,1,H,5,3,1,0
I1,2/11/19,17:00,Bologna,Inter Milan,1,2,A,3,4,0,0
I1,2/11/19,19:45,Torino,Juventus,0,1,A,4,2,0,0
I1,3/11/19,11:30,Atalanta,Cagliari,0,2,A,2,3,1,0
I1,3/11/19,14:00,Genoa,Udinese,1,3,A,0,2,0,0
I1,3/11/19,14:00,Lecce,Sassuolo,2,2,D,2,3,0,0
I1,3/11/19,14:00,Verona,Brescia,2,1,H,1,4,0,1
I1,3/11/19,17:00,Fiorentina,Parma,1,1,D,2,2,0,0
I1,3/11/19,19:45,AC Milan,Lazio,1,2,A,3,5,0,0
I1,4/11/19,19:45,SPAL,Sampdoria,0,1,A,3,1,0,0
I1,8/11/19,19:45,Sassuolo,Bologna,3,1,H,2,6,0,0
I1,9/11/19,14:00,Brescia,Torino,0,4,A,5,3,1,0
I1,9/11/19,17:00,Inter Milan,Verona,2,1,H,3,1,0,0
I1,9/11/19,19:45,Napoli,Genoa,0,0,D,1,4,0,0
I1,10/11/19,11:30,Cagliari,Fiorentina,5,2,H,1,3,0,0
I1,10/11/19,14:00,Lazio,Lecce,4,2,H,2,3,0,0
I1,10/11/19,14:00,Sampdoria,Atalanta,0,0,D,2,4,0,1
I1,10/11/19,14:00,Udinese,SPAL,0,0,D,3,5,0,0
I1,10/11/19,17:00,Parma,Roma,2,0,H,3,2,0,0
I1,10/11/19,19:45,Juventus,AC Milan,1,0,H,1,5,0,0
I1,23/11/2019,14:00,Atalanta,Juventus,1,3,A,5,3,0,0
I1,23/11/2019,17:00,AC Milan,Napoli,1,1,D,3,2,0,0
I1,23/11/2019,19:45,Torino,Inter Milan,0,3,A,2,3,0,0
I1,24/11/2019,11:30,Bologna,Parma,2,2,D,1,3,0,0
I1,24/11/2019,14:00,Roma,Brescia,3,0,H,1,1,0,0
I1,24/11/2019,14:00,Sassuolo,Lazio,1,2,A,1,3,0,0
I1,24/11/2019,14:00,Verona,Fiorentina,1,0,H,3,2,0,0
I1,24/11/2019,17:00,Sampdoria,Udinese,2,1,H,2,3,0,1
I1,25/11/2019,14:00,Lecce,Cagliari,2,2,D,2,2,1,2
I1,25/11/2019,19:45,SPAL,Genoa,1,1,D,2,1,0,0
I1,30/11/2019,14:00,Brescia,Atalanta,0,3,A,1,3,0,0
I1,30/11/2019,17:00,Genoa,Torino,0,1,A,2,3,0,1
I1,30/11/2019,19:45,Fiorentina,Lecce,0,1,A,1,3,0,0
I1,1/12/19,11:30,Juventus,Sassuolo,2,2,D,1,5,0,0
I1,1/12/19,14:00,Inter Milan,SPAL,2,1,H,1,4,0,0
I1,1/12/19,14:00,Lazio,Udinese,3,0,H,0,1,0,0
I1,1/12/19,14:00,Parma,AC Milan,0,1,A,1,3,0,0
I1,1/12/19,17:00,Napoli,Bologna,1,2,A,1,5,0,0
I1,1/12/19,19:45,Verona,Roma,1,3,A,3,3,0,0
I1,2/12/19,19:45,Cagliari,Sampdoria,4,3,H,3,1,0,0
I1,6/12/19,19:45,Inter Milan,Roma,0,0,D,3,1,0,0
I1,7/12/19,14:00,Atalanta,Verona,3,2,H,1,5,0,1
I1,7/12/19,17:00,Udinese,Napoli,1,1,D,3,4,0,1
I1,7/12/19,19:45,Lazio,Juventus,3,1,H,4,3,0,1
I1,8/12/19,11:30,Lecce,Genoa,2,2,D,5,6,0,2
I1,8/12/19,14:00,Sassuolo,Cagliari,2,2,D,3,4,0,0
I1,8/12/19,14:00,SPAL,Brescia,0,1,A,3,3,0,0
I1,8/12/19,14:00,Torino,Fiorentina,2,1,H,4,3,0,0
I1,8/12/19,17:00,Sampdoria,Parma,0,1,A,3,2,0,0
I1,8/12/19,19:45,Bologna,AC Milan,2,3,A,4,2,0,0
I1,14/12/2019,14:00,Brescia,Lecce,3,0,H,4,6,0,0
I1,14/12/2019,17:00,Napoli,Parma,1,2,A,2,2,0,0
I1,14/12/2019,19:45,Genoa,Sampdoria,0,1,A,5,3,0,0
I1,15/12/2019,11:30,Verona,Torino,3,3,D,3,1,0,0
I1,15/12/2019,14:00,Bologna,Atalanta,2,1,H,5,1,1,0
I1,15/12/2019,14:00,Juventus,Udinese,3,1,H,2,1,0,0
I1,15/12/2019,14:00,AC Milan,Sassuolo,0,0,D,5,4,0,0
I1,15/12/2019,17:00,Roma,SPAL,3,1,H,1,3,0,0
I1,15/12/2019,19:45,Fiorentina,Inter Milan,1,1,D,3,4,0,0
I1,16/12/2019,19:45,Cagliari,Lazio,1,2,A,4,3,0,0
I1,18/12/2019,17:55,Sampdoria,Juventus,1,2,A,5,2,1,0
I1,18/12/2019,19:45,Brescia,Sassuolo,0,2,A,2,3,0,0
I1,20/12/2019,19:45,Fiorentina,Roma,1,4,A,4,3,0,0
I1,21/12/2019,14:00,Udinese,Cagliari,2,1,H,3,4,0,1
I1,21/12/2019,17:00,Inter Milan,Genoa,4,0,H,1,4,0,0
I1,21/12/2019,19:45,Torino,SPAL,1,2,A,5,5,1,0
I1,22/12/2019,11:30,Atalanta,AC Milan,5,0,H,2,4,0,0
I1,22/12/2019,14:00,Lecce,Bologna,2,3,A,3,3,0,0
I1,22/12/2019,14:00,Parma,Brescia,1,1,D,3,2,0,0
I1,22/12/2019,19:45,Sassuolo,Napoli,1,2,A,2,2,0,0
I1,5/1/20,11:30,Brescia,Lazio,1,2,A,5,4,1,0
I1,5/1/20,14:00,SPAL,Verona,0,2,A,1,1,1,0
I1,5/1/20,17:00,Genoa,Sassuolo,2,1,H,4,6,0,0
I1,5/1/20,19:45,Roma,Torino,0,2,A,5,2,0,0
I1,6/1/20,11:30,Bologna,Fiorentina,1,1,D,2,4,0,0
I1,6/1/20,14:00,Atalanta,Parma,5,0,H,2,4,0,0
I1,6/1/20,14:00,Juventus,Cagliari,4,0,H,1,1,0,0
I1,6/1/20,14:00,AC Milan,Sampdoria,0,0,D,1,5,0,0
I1,6/1/20,17:00,Lecce,Udinese,0,1,A,1,1,0,0
I1,6/1/20,19:45,Napoli,Inter Milan,1,3,A,0,6,0,0
I1,11/1/20,14:00,Cagliari,AC Milan,0,2,A,3,1,0,0
I1,11/1/20,17:00,Lazio,Napoli,1,0,H,2,2,0,0
I1,11/1/20,19:45,Inter Milan,Atalanta,1,1,D,3,4,0,0
I1,12/1/20,11:30,Udinese,Sassuolo,3,0,H,0,0,0,0
I1,12/1/20,14:00,Fiorentina,SPAL,1,0,H,1,1,0,0
I1,12/1/20,14:00,Sampdoria,Brescia,5,1,H,2,3,0,0
I1,12/1/20,14:00,Torino,Bologna,1,0,H,6,3,0,0
I1,12/1/20,17:00,Verona,Genoa,2,1,H,3,6,0,0
I1,12/1/20,19:45,Roma,Juventus,1,2,A,6,3,0,0
I1,13/01/2020,19:45,Parma,Lecce,2,0,H,4,2,0,0
I1,18/01/2020,14:00,Lazio,Sampdoria,5,1,H,1,2,0,1
I1,18/01/2020,17:00,Sassuolo,Torino,2,1,H,2,4,0,0
I1,18/01/2020,19:45,Napoli,Fiorentina,0,2,A,2,2,0,0
I1,19/01/2020,11:30,AC Milan,Udinese,3,2,H,5,1,0,0
I1,19/01/2020,14:00,Bologna,Verona,1,1,D,6,2,1,0
I1,19/01/2020,14:00,Brescia,Cagliari,2,2,D,4,4,1,0
I1,19/01/2020,14:00,Lecce,Inter Milan,1,1,D,2,2,0,0
I1,19/01/2020,17:00,Genoa,Roma,1,3,A,2,3,0,0
I1,19/01/2020,19:45,Juventus,Parma,2,1,H,0,1,0,0
I1,20/01/2020,19:45,Atalanta,SPAL,1,2,A,2,3,0,0
I1,24/01/2020,19:45,Brescia,AC Milan,0,1,A,2,4,0,0
I1,25/01/2020,14:00,SPAL,Bologna,1,3,A,4,3,0,0
I1,25/01/2020,17:00,Fiorentina,Genoa,0,0,D,4,3,0,0
I1,25/01/2020,19:45,Torino,Atalanta,0,7,A,3,2,2,0
I1,26/01/2020,11:30,Inter Milan,Cagliari,1,1,D,4,1,2,0
I1,26/01/2020,14:00,Parma,Udinese,2,0,H,2,3,0,0
I1,26/01/2020,14:00,Sampdoria,Sassuolo,0,0,D,4,1,0,1
I1,26/01/2020,14:00,Verona,Lecce,3,0,H,2,3,0,1
I1,26/01/2020,17:00,Roma,Lazio,1,1,D,3,4,0,0
I1,26/01/2020,19:45,Napoli,Juventus,2,1,H,2,5,0,0
I1,1/2/20,14:00,Bologna,Brescia,2,1,H,3,2,0,0
I1,1/2/20,17:00,Cagliari,Parma,2,2,D,3,2,0,0
I1,1/2/20,19:45,Sassuolo,Roma,4,2,H,1,7,0,1
I1,2/2/20,11:30,Juventus,Fiorentina,3,0,H,1,4,0,0
I1,2/2/20,14:00,Atalanta,Genoa,2,2,D,2,6,0,1
I1,2/2/20,14:00,Lazio,SPAL,5,1,H,1,2,0,0
I1,2/2/20,14:00,AC Milan,Verona,1,1,D,1,4,0,1
I1,2/2/20,17:00,Lecce,Torino,4,0,H,3,3,0,0
I1,2/2/20,19:45,Udinese,Inter Milan,0,2,A,2,2,0,0
I1,3/2/20,19:45,Sampdoria,Napoli,2,4,A,4,3,0,0
I1,5/2/20,19:45,Lazio,Verona,0,0,D,3,2,0,0
I1,7/2/20,19:45,Roma,Bologna,2,3,A,2,4,1,0
I1,8/2/20,14:00,Fiorentina,Atalanta,1,2,A,2,2,0,0
I1,8/2/20,17:00,Torino,Sampdoria,1,3,A,3,5,1,0
I1,8/2/20,19:45,Verona,Juventus,2,1,H,2,3,0,0
I1,9/2/20,11:30,SPAL,Sassuolo,1,2,A,2,4,0,0
I1,9/2/20,14:00,Brescia,Udinese,1,1,D,0,3,0,0
I1,9/2/20,14:00,Genoa,Cagliari,1,0,H,3,6,0,0
I1,9/2/20,14:00,Napoli,Lecce,2,3,A,5,3,0,0
I1,9/2/20,17:00,Parma,Lazio,0,1,A,4,3,0,0
I1,9/2/20,19:45,Inter Milan,AC Milan,4,2,H,4,2,0,0
I1,15/02/2020,14:00,Lecce,SPAL,2,1,H,5,3,0,0
I1,15/02/2020,17:00,Bologna,Genoa,0,3,A,3,5,2,0
I1,15/02/2020,19:45,Atalanta,Roma,2,1,H,1,5,0,0
I1,16/02/2020,11:30,Udinese,Verona,0,0,D,1,2,0,0
I1,16/02/2020,14:00,Juventus,Brescia,2,0,H,3,2,0,1
I1,16/02/2020,14:00,Sampdoria,Fiorentina,1,5,A,5,4,1,1
I1,16/02/2020,14:00,Sassuolo,Parma,0,1,A,5,4,0,0
I1,16/02/2020,17:00,Cagliari,Napoli,0,1,A,3,1,0,0
I1,16/02/2020,19:45,Lazio,Inter Milan,2,1,H,5,2,0,0
I1,17/02/2020,19:45,AC Milan,Torino,1,0,H,3,3,0,0
I1,21/02/2020,19:45,Brescia,Napoli,1,2,A,3,3,0,0
I1,22/02/2020,14:00,Bologna,Udinese,1,1,D,1,2,0,0
I1,22/02/2020,17:00,SPAL,Juventus,1,2,A,4,2,0,0
I1,22/02/2020,19:45,Fiorentina,AC Milan,1,1,D,1,3,1,0
I1,23/02/2020,11:30,Genoa,Lazio,2,3,A,2,2,0,0
I1,23/02/2020,17:00,Roma,Lecce,4,0,H,1,0,0,0
I1,29/02/2020,14:00,Lazio,Bologna,2,0,H,1,4,0,0
I1,29/02/2020,19:45,Napoli,Torino,2,1,H,1,3,0,0
I1,1/3/20,14:00,Lecce,Atalanta,2,7,A,2,2,0,0
I1,1/3/20,17:00,Cagliari,Roma,3,4,A,4,5,0,0
I1,8/3/20,11:30,Parma,SPAL,0,1,A,2,2,0,0
I1,8/3/20,14:00,AC Milan,Genoa,1,2,A,0,0,0,1
I1,8/3/20,14:00,Sampdoria,Verona,2,1,H,4,3,0,0
I1,8/3/20,17:00,Udinese,Fiorentina,0,0,D,2,0,0,0
I1,8/3/20,19:45,Juventus,Inter Milan,2,0,H,1,3,0,1
I1,9/3/20,17:30,Sassuolo,Brescia,3,0,H,3,3,0,0
I1,20/06/2020,18:30,Torino,Parma,1,1,D,1,2,0,0
I1,20/06/2020,20:45,Verona,Cagliari,2,1,H,1,6,1,1
I1,21/06/2020,18:30,Atalanta,Sassuolo,4,1,H,4,3,0,0
I1,21/06/2020,20:45,Inter Milan,Sampdoria,2,1,H,3,3,0,0
I1,22/06/2020,18:30,Fiorentina,Brescia,1,1,D,5,4,1,0
I1,22/06/2020,18:30,Lecce,AC Milan,1,4,A,1,1,0,0
I1,22/06/2020,20:45,Bologna,Juventus,0,2,A,1,4,0,1
I1,23/06/2020,18:30,SPAL,Cagliari,0,1,A,3,3,0,0
I1,23/06/2020,18:30,Verona,Napoli,0,2,A,1,1,0,0
I1,23/06/2020,20:45,Genoa,Parma,1,4,A,1,2,0,0
I1,23/06/2020,20:45,Torino,Udinese,1,0,H,0,0,0,0
I1,24/06/2020,18:30,Inter Milan,Sassuolo,3,3,D,3,1,1,0
I1,24/06/2020,20:45,Atalanta,Lazio,3,2,H,2,2,0,0
I1,24/06/2020,20:45,Roma,Sampdoria,2,1,H,0,0,0,0
I1,26/06/2020,20:45,Juventus,Lecce,4,0,H,1,0,0,1
I1,27/06/2020,16:15,Brescia,Genoa,2,2,D,4,2,0,0
I1,27/06/2020,18:30,Cagliari,Torino,4,2,H,3,0,0,0
I1,27/06/2020,20:45,Lazio,Fiorentina,2,1,H,5,2,0,1
I1,28/06/2020,16:15,AC Milan,Roma,2,0,H,2,2,0,0
I1,28/06/2020,18:30,Napoli,SPAL,3,1,H,0,3,0,0
I1,28/06/2020,18:30,Sampdoria,Bologna,1,2,A,3,1,0,0
I1,28/06/2020,18:30,Sassuolo,Verona,3,3,D,2,2,0,0
I1,28/06/2020,18:30,Udinese,Atalanta,2,3,A,2,2,0,0
I1,28/06/2020,20:45,Parma,Inter Milan,1,2,A,3,4,1,1
I1,30/06/2020,18:30,Torino,Lazio,1,2,A,1,3,0,0
I1,30/06/2020,20:45,Genoa,Juventus,1,3,A,5,1,0,0
I1,1/7/20,18:30,Bologna,Cagliari,1,1,D,3,2,0,0
I1,1/7/20,18:30,Inter Milan,Brescia,6,0,H,2,2,0,0
I1,1/7/20,20:45,Fiorentina,Sassuolo,1,3,A,4,2,0,0
I1,1/7/20,20:45,Lecce,Sampdoria,1,2,A,2,3,0,0
I1,1/7/20,20:45,SPAL,AC Milan,2,2,D,3,0,1,0
I1,1/7/20,20:45,Verona,Parma,3,2,H,2,3,0,0
I1,2/7/20,18:30,Atalanta,Napoli,2,0,H,1,1,0,0
I1,2/7/20,20:45,Roma,Udinese,0,2,A,3,2,1,0
I1,4/7/20,16:15,Juventus,Torino,4,1,H,4,2,0,0
I1,4/7/20,18:30,Sassuolo,Lecce,4,2,H,3,4,0,0
I1,4/7/20,20:45,Lazio,AC Milan,0,3,A,1,1,0,0
I1,5/7/20,16:15,Inter Milan,Bologna,1,2,A,3,3,1,1
I1,5/7/20,18:30,Brescia,Verona,2,0,H,3,1,0,0
I1,5/7/20,18:30,Cagliari,Atalanta,0,1,A,3,2,1,0
I1,5/7/20,18:30,Parma,Fiorentina,1,2,A,4,6,0,0
I1,5/7/20,18:30,Sampdoria,SPAL,3,0,H,1,1,0,0
I1,5/7/20,18:30,Udinese,Genoa,2,2,D,3,2,0,0
I1,5/7/20,20:45,Napoli,Roma,2,1,H,2,4,0,0
I1,7/7/20,18:30,Lecce,Lazio,2,1,H,3,3,0,1
I1,7/7/20,20:45,AC Milan,Juventus,4,2,H,4,1,0,0
I1,8/7/20,18:30,Fiorentina,Cagliari,0,0,D,2,2,0,0
I1,8/7/20,18:30,Genoa,Napoli,1,2,A,1,0,0,0
I1,8/7/20,20:45,Atalanta,Sampdoria,2,0,H,2,3,0,0
I1,8/7/20,20:45,Bologna,Sassuolo,1,2,A,3,4,0,0
I1,8/7/20,20:45,Roma,Parma,2,1,H,5,1,0,0
I1,8/7/20,20:45,Torino,Brescia,3,1,H,1,3,0,0
I1,9/7/20,18:30,SPAL,Udinese,0,3,A,0,0,0,0
I1,9/7/20,20:45,Verona,Inter Milan,2,2,D,3,2,0,0
I1,11/7/20,16:15,Lazio,Sassuolo,1,2,A,4,2,0,0
I1,11/7/20,18:30,Brescia,Roma,0,3,A,1,2,0,0
I1,11/7/20,20:45,Juventus,Atalanta,2,2,D,3,2,0,0
I1,12/7/20,16:15,Genoa,SPAL,2,0,H,1,2,0,0
I1,12/7/20,18:30,Cagliari,Lecce,0,0,D,1,1,0,0
I1,12/7/20,18:30,Fiorentina,Verona,1,1,D,3,2,0,0
I1,12/7/20,18:30,Parma,Bologna,2,2,D,1,1,0,0
I1,12/7/20,18:30,Udinese,Sampdoria,1,3,A,1,4,0,0
I1,12/7/20,20:45,Napoli,AC Milan,2,2,D,2,4,0,1
I1,13/07/2020,20:45,Inter Milan,Torino,3,1,H,5,3,0,0
I1,14/07/2020,20:45,Atalanta,Brescia,6,2,H,0,0,0,0
I1,15/07/2020,18:30,Bologna,Napoli,1,1,D,1,1,0,0
I1,15/07/2020,18:30,AC Milan,Parma,3,1,H,1,2,0,0
I1,15/07/2020,18:30,Sampdoria,Cagliari,3,0,H,0,2,0,0
I1,15/07/2020,20:45,Lecce,Fiorentina,1,3,A,3,2,0,0
I1,15/07/2020,20:45,Roma,Verona,2,1,H,4,3,0,0
I1,15/07/2020,20:45,Sassuolo,Juventus,3,3,D,4,4,0,0
I1,15/07/2020,20:45,Udinese,Lazio,0,0,D,2,3,0,0
I1,16/07/2020,18:30,Torino,Genoa,3,0,H,2,2,0,0
I1,16/07/2020,20:45,SPAL,Inter Milan,0,4,A,2,3,0,0
I1,18/07/2020,16:15,Verona,Atalanta,1,1,D,2,2,0,0
I1,18/07/2020,18:30,Cagliari,Sassuolo,1,1,D,4,2,1,0
I1,18/07/2020,20:45,AC Milan,Bologna,5,1,H,2,1,0,0
I1,19/07/2020,16:15,Parma,Sampdoria,2,3,A,0,1,0,0
I1,19/07/2020,18:30,Brescia,SPAL,2,1,H,2,2,0,0
I1,19/07/2020,18:30,Fiorentina,Torino,2,0,H,1,2,0,0
I1,19/07/2020,18:30,Genoa,Lecce,2,1,H,2,3,0,0
I1,19/07/2020,18:30,Napoli,Udinese,2,1,H,3,2,0,0
I1,19/07/2020,20:45,Roma,Inter Milan,2,2,D,1,1,0,0
I1,20/07/2020,20:45,Juventus,Lazio,2,1,H,3,1,0,0
I1,21/07/2020,18:30,Atalanta,Bologna,1,0,H,4,2,0,0
I1,21/07/2020,20:45,Sassuolo,AC Milan,1,2,A,3,4,1,0
I1,22/07/2020,18:30,Parma,Napoli,2,1,H,3,1,0,0
I1,22/07/2020,20:45,Inter Milan,Fiorentina,0,0,D,1,3,0,0
I1,22/07/2020,20:45,Lecce,Brescia,3,1,H,2,1,0,0
I1,22/07/2020,20:45,Sampdoria,Genoa,1,2,A,4,2,0,0
I1,22/07/2020,20:45,SPAL,Roma,1,6,A,1,0,0,0
I1,22/07/2020,20:45,Torino,Verona,1,1,D,4,2,0,0
I1,23/07/2020,18:30,Udinese,Juventus,2,1,H,2,2,0,0
I1,23/07/2020,20:45,Lazio,Cagliari,2,1,H,3,1,0,0
I1,24/07/2020,20:45,AC Milan,Atalanta,1,1,D,1,1,0,0
I1,25/07/2020,16:15,Brescia,Parma,1,2,A,4,0,0,0
I1,25/07/2020,18:30,Genoa,Inter Milan,0,3,A,2,3,0,0
I1,25/07/2020,20:45,Napoli,Sassuolo,2,0,H,1,3,0,0
I1,26/07/2020,16:15,Bologna,Lecce,3,2,H,1,1,0,0
I1,26/07/2020,18:30,Cagliari,Udinese,0,1,A,2,1,0,0
I1,26/07/2020,18:30,Roma,Fiorentina,2,1,H,1,4,0,0
I1,26/07/2020,18:30,SPAL,Torino,1,1,D,2,3,0,0
I1,26/07/2020,18:30,Verona,Lazio,1,5,A,2,2,0,0
I1,26/07/2020,20:45,Juventus,Sampdoria,2,0,H,4,5,0,1
I1,28/07/2020,18:30,Parma,Atalanta,1,2,A,2,1,0,0
I1,28/07/2020,20:45,Inter Milan,Napoli,2,0,H,4,1,0,0
I1,29/07/2020,18:30,Lazio,Brescia,2,0,H,1,2,0,0
I1,29/07/2020,18:30,Sampdoria,AC Milan,1,4,A,1,1,0,0
I1,29/07/2020,18:30,Sassuolo,Genoa,5,0,H,1,1,0,0
I1,29/07/2020,18:30,Udinese,Lecce,1,2,A,1,4,0,0
I1,29/07/2020,18:30,Verona,SPAL,3,0,H,1,1,0,0
I1,29/07/2020,20:45,Cagliari,Juventus,2,0,H,2,1,0,0
I1,29/07/2020,20:45,Fiorentina,Bologna,4,0,H,2,1,0,0
I1,29/07/2020,20:45,Torino,Roma,2,3,A,2,3,0,0
I1,1/8/20,17:00,Brescia,Sampdoria,1,1,D,1,4,0,1
I1,1/8/20,19:45,Atalanta,Inter Milan,0,2,A,2,3,0,0
I1,1/8/20,19:45,Juventus,Roma,1,3,A,1,4,0,0
I1,1/8/20,19:45,AC Milan,Cagliari,3,0,H,1,3,0,0
I1,1/8/20,19:45,Napoli,Lazio,3,1,H,3,2,0,0
I1,2/8/20,17:00,SPAL,Fiorentina,1,3,A,1,1,0,0
I1,2/8/20,19:45,Bologna,Torino,1,1,D,3,3,0,0
I1,2/8/20,19:45,Genoa,Verona,3,0,H,4,0,2,1
I1,2/8/20,19:45,Lecce,Parma,3,4,A,0,2,0,0
I1,2/8/20,19:45,Sassuolo,Udinese,0,1,A,1,1,0,0
S1,16/08/2019,20:00,Athletic Club,Barcelona,1,0,H,1,1,0,0
S1,17/08/2019,16:00,Celta Vigo,Real Madrid,1,3,A,5,2,0,1
S1,17/08/2019,18:00,Valencia,Real Sociedad,1,1,D,4,4,1,0
S1,17/08/2019,19:00,Mallorca,Eibar,2,1,H,2,3,0,0
S1,17/08/2019,20:00,Leganés,Osasuna,0,1,A,1,4,1,0
S1,17/08/2019,20:00,Villarreal,Granada,4,4,D,3,1,0,0
S1,18/08/2019,16:00,Alavés,Levante,1,0,H,2,1,0,0
S1,18/08/2019,18:00,Espanyol,Sevilla,0,2,A,2,2,0,0
S1,18/08/2019,20:00,Real Betis,Valladolid,1,2,A,2,6,1,0
S1,18/08/2019,21:00,Atlético Madrid,Getafe,1,0,H,3,4,1,1
S1,23/08/2019,19:00,Granada,Sevilla,0,1,A,1,1,0,0
S1,23/08/2019,21:00,Levante,Villarreal,2,1,H,1,2,0,0
S1,24/08/2019,16:00,Osasuna,Eibar,0,0,D,4,4,0,0
S1,24/08/2019,18:00,Real Madrid,Valladolid,1,1,D,2,2,0,0
S1,24/08/2019,20:00,Celta Vigo,Valencia,1,0,H,1,2,0,0
S1,24/08/2019,20:00,Getafe,Athletic Club,1,1,D,2,1,0,0
S1,25/08/2019,16:00,Alavés,Espanyol,0,0,D,3,1,0,0
S1,25/08/2019,16:00,Mallorca,Real Sociedad,0,1,A,1,2,0,0
S1,25/08/2019,18:00,Leganés,Atlético Madrid,0,1,A,4,5,0,0
S1,25/08/2019,20:00,Barcelona,Real Betis,5,2,H,1,1,0,0
S1,30/08/2019,19:00,Sevilla,Celta Vigo,1,1,D,4,2,0,0
S1,30/08/2019,21:00,Athletic Club,Real Sociedad,2,0,H,2,3,0,0
S1,31/08/2019,16:00,Osasuna,Barcelona,2,2,D,3,4,0,0
S1,31/08/2019,18:00,Getafe,Alavés,1,1,D,3,1,0,0
S1,31/08/2019,18:00,Levante,Valladolid,2,0,H,2,2,0,0
S1,31/08/2019,20:00,Real Betis,Leganés,2,1,H,4,2,0,0
S1,1/9/19,16:00,Valencia,Mallorca,2,0,H,0,1,0,0
S1,1/9/19,18:00,Atlético Madrid,Eibar,3,2,H,0,3,0,0
S1,1/9/19,18:00,Espanyol,Granada,0,3,A,2,3,0,0
S1,1/9/19,20:00,Villarreal,Real Madrid,2,2,D,1,4,0,1
S1,13/09/2019,20:00,Mallorca,Athletic Club,0,0,D,4,3,0,0
S1,14/09/2019,12:00,Real Madrid,Levante,3,2,H,2,2,0,0
S1,14/09/2019,15:00,Leganés,Villarreal,0,3,A,2,0,0,0
S1,14/09/2019,17:30,Real Sociedad,Atlético Madrid,2,0,H,1,3,0,0
S1,14/09/2019,20:00,Barcelona,Valencia,5,2,H,1,4,0,0
S1,15/09/2019,11:00,Eibar,Espanyol,1,2,A,2,4,0,1
S1,15/09/2019,13:00,Alavés,Sevilla,0,1,A,5,5,0,0
S1,15/09/2019,15:00,Celta Vigo,Granada,0,2,A,4,2,2,0
S1,15/09/2019,17:30,Valladolid,Osasuna,1,1,D,0,1,0,0
S1,15/09/2019,20:00,Real Betis,Getafe,1,1,D,3,6,2,0
S1,20/09/2019,20:00,Osasuna,Real Betis,0,0,D,1,2,0,0
S1,21/09/2019,12:00,Villarreal,Valladolid,2,0,H,2,1,0,0
S1,21/09/2019,15:00,Levante,Eibar,0,0,D,0,2,0,0
S1,21/09/2019,17:30,Atlético Madrid,Celta Vigo,0,0,D,3,5,0,0
S1,21/09/2019,20:00,Granada,Barcelona,2,0,H,3,2,0,0
S1,22/09/2019,11:00,Getafe,Mallorca,4,2,H,4,5,0,0
S1,22/09/2019,13:00,Espanyol,Real Sociedad,1,3,A,1,0,0,0
S1,22/09/2019,15:00,Valencia,Leganés,1,1,D,3,4,0,0
S1,22/09/2019,17:30,Athletic Club,Alavés,2,0,H,1,4,0,0
S1,22/09/2019,20:00,Sevilla,Real Madrid,0,1,A,3,2,0,0
S1,24/09/2019,18:00,Valladolid,Granada,1,1,D,3,2,0,0
S1,24/09/2019,19:00,Real Betis,Levante,3,1,H,2,2,0,0
S1,24/09/2019,20:00,Barcelona,Villarreal,2,1,H,4,2,0,0
S1,25/09/2019,18:00,Leganés,Athletic Club,1,1,D,0,1,0,0
S1,25/09/2019,18:00,Mallorca,Atlético Madrid,0,2,A,3,5,0,1
S1,25/09/2019,19:00,Valencia,Getafe,3,3,D,1,4,0,0
S1,25/09/2019,20:00,Real Madrid,Osasuna,2,0,H,2,2,0,0
S1,26/09/2019,18:00,Eibar,Sevilla,3,2,H,3,4,0,0
S1,26/09/2019,19:00,Celta Vigo,Espanyol,1,1,D,2,5,0,0
S1,26/09/2019,20:00,Real Sociedad,Alavés,3,0,H,1,4,0,1
S1,27/09/2019,20:00,Villarreal,Real Betis,5,1,H,2,2,0,0
S1,28/09/2019,12:00,Athletic Club,Valencia,0,1,A,2,5,0,0
S1,28/09/2019,15:00,Getafe,Barcelona,0,2,A,4,4,0,1
S1,28/09/2019,17:30,Granada,Leganés,1,0,H,3,4,0,0
S1,28/09/2019,20:00,Atlético Madrid,Real Madrid,0,0,D,1,2,0,0
S1,29/09/2019,11:00,Espanyol,Valladolid,0,2,A,2,0,1,0
S1,29/09/2019,13:00,Eibar,Celta Vigo,2,0,H,3,1,0,0
S1,29/09/2019,15:00,Alavés,Mallorca,2,0,H,2,3,0,0
S1,29/09/2019,17:30,Levante,Osasuna,1,1,D,6,0,1,0
S1,29/09/2019,20:00,Sevilla,Real Sociedad,3,2,H,1,1,0,0
S1,4/10/19,20:00,Real Betis,Eibar,1,1,D,3,6,0,1
S1,5/10/19,12:00,Leganés,Levante,1,2,A,3,5,0,0
S1,5/10/19,15:00,Real Madrid,Granada,4,2,H,4,5,0,0
S1,5/10/19,17:30,Valencia,Alavés,2,1,H,1,3,0,0
S1,5/10/19,20:00,Osasuna,Villarreal,2,1,H,2,2,0,0
S1,6/10/19,11:00,Mallorca,Espanyol,2,0,H,1,3,0,0
S1,6/10/19,13:00,Celta Vigo,Athletic Club,1,0,H,0,5,0,0
S1,6/10/19,15:00,Valladolid,Atlético Madrid,0,0,D,6,4,0,0
S1,6/10/19,17:30,Real Sociedad,Getafe,1,2,A,2,4,1,0
S1,6/10/19,20:00,Barcelona,Sevilla,4,0,H,5,3,2,0
S1,18/10/2019,20:00,Granada,Osasuna,1,0,H,2,8,0,1
S1,19/10/2019,12:00,Eibar,Barcelona,0,3,A,5,0,0,0
S1,19/10/2019,15:00,Atlético Madrid,Valencia,1,1,D,2,1,0,1
S1,19/10/2019,17:30,Getafe,Leganés,2,0,H,1,4,0,0
S1,19/10/2019,20:00,Mallorca,Real Madrid,1,0,H,2,2,0,1
S1,20/10/2019,11:00,Alavés,Celta Vigo,2,0,H,5,1,0,0
S1,20/10/2019,13:00,Real Sociedad,Real Betis,3,1,H,4,2,0,0
S1,20/10/2019,15:00,Espanyol,Villarreal,0,1,A,2,1,0,0
S1,20/10/2019,17:30,Athletic Club,Valladolid,1,1,D,2,3,0,0
S1,20/10/2019,20:00,Sevilla,Levante,1,0,H,2,2,0,0
S1,25/10/2019,20:00,Villarreal,Alavés,4,1,H,2,2,0,0
S1,26/10/2019,15:00,Leganés,Mallorca,1,0,H,4,1,0,0
S1,26/10/2019,17:30,Valladolid,Eibar,2,0,H,1,2,0,0
S1,26/10/2019,20:00,Atlético Madrid,Athletic Club,2,0,H,2,2,0,0
S1,27/10/2019,11:00,Celta Vigo,Real Sociedad,0,1,A,5,2,1,0
S1,27/10/2019,13:00,Granada,Real Betis,1,0,H,3,4,0,0
S1,27/10/2019,15:00,Levante,Espanyol,0,1,A,2,3,0,0
S1,27/10/2019,17:30,Sevilla,Getafe,2,0,H,2,3,0,0
S1,27/10/2019,20:00,Osasuna,Valencia,3,1,H,1,1,0,1
S1,29/10/2019,18:00,Alavés,Atlético Madrid,1,1,D,3,3,0,0
S1,29/10/2019,20:15,Barcelona,Valladolid,5,1,H,0,3,0,0
S1,30/10/2019,18:00,Real Sociedad,Levante,1,2,A,3,4,0,0
S1,30/10/2019,18:00,Valencia,Sevilla,1,1,D,6,3,0,0
S1,30/10/2019,19:00,Athletic Club,Espanyol,3,0,H,0,1,0,0
S1,30/10/2019,20:00,Real Betis,Celta Vigo,2,1,H,6,1,0,0
S1,30/10/2019,20:15,Real Madrid,Leganés,5,0,H,1,5,0,0
S1,31/10/2019,18:00,Eibar,Villarreal,2,1,H,0,3,0,0
S1,31/10/2019,18:00,Mallorca,Osasuna,2,2,D,1,5,0,0
S1,31/10/2019,20:15,Getafe,Granada,3,1,H,5,5,0,0
S1,2/11/19,12:00,Espanyol,Valencia,1,2,A,0,1,0,0
S1,2/11/19,15:00,Levante,Barcelona,3,1,H,1,6,0,0
S1,2/11/19,17:30,Sevilla,Atlético Madrid,1,1,D,4,3,0,0
S1,2/11/19,20:00,Real Madrid,Real Betis,0,0,D,2,4,0,0
S1,3/11/19,11:00,Valladolid,Mallorca,3,0,H,5,4,0,0
S1,3/11/19,13:00,Villarreal,Athletic Club,0,0,D,2,0,0,0
S1,3/11/19,15:00,Osasuna,Alavés,4,2,H,4,2,0,0
S1,3/11/19,17:30,Celta Vigo,Getafe,0,1,A,3,3,0,0
S1,3/11/19,17:30,Leganés,Eibar,1,2,A,5,2,0,0
S1,3/11/19,20:00,Granada,Real Sociedad,1,2,A,0,2,0,0
S1,8/11/19,20:00,Real Sociedad,Leganés,1,1,D,2,6,0,1
S1,9/11/19,12:00,Alavés,Valladolid,3,0,H,3,3,0,0
S1,9/11/19,15:00,Valencia,Granada,2,0,H,0,5,0,0
S1,9/11/19,17:30,Eibar,Real Madrid,0,4,A,0,0,0,0
S1,9/11/19,20:00,Barcelona,Celta Vigo,4,1,H,4,1,0,0
S1,10/11/19,11:00,Mallorca,Villarreal,3,1,H,2,3,0,0
S1,10/11/19,13:00,Athletic Club,Levante,2,1,H,3,2,0,0
S1,10/11/19,15:00,Atlético Madrid,Espanyol,3,1,H,2,2,0,0
S1,10/11/19,17:30,Getafe,Osasuna,0,0,D,2,4,0,0
S1,10/11/19,20:00,Real Betis,Sevilla,1,2,A,2,3,0,0
S1,22/11/2019,20:00,Levante,Mallorca,2,1,H,2,1,1,0
S1,23/11/2019,12:00,Leganés,Barcelona,1,2,A,1,2,0,0
S1,23/11/2019,15:00,Real Betis,Valencia,2,1,H,2,2,0,0
S1,23/11/2019,17:30,Granada,Atlético Madrid,1,1,D,4,3,0,0
S1,23/11/2019,20:00,Real Madrid,Real Sociedad,3,1,H,1,1,0,0
S1,24/11/2019,11:00,Espanyol,Getafe,1,1,D,3,4,0,0
S1,24/11/2019,13:00,Osasuna,Athletic Club,1,2,A,4,3,0,0
S1,24/11/2019,15:00,Eibar,Alavés,0,2,A,1,2,0,0
S1,24/11/2019,17:30,Villarreal,Celta Vigo,1,3,A,3,2,0,0
S1,24/11/2019,20:00,Valladolid,Sevilla,0,1,A,3,4,0,1
S1,29/11/2019,20:00,Celta Vigo,Valladolid,0,0,D,1,3,0,0
S1,30/11/2019,12:00,Alavés,Real Madrid,1,2,A,4,3,0,0
S1,30/11/2019,15:00,Real Sociedad,Eibar,4,1,H,1,4,0,0
S1,30/11/2019,17:30,Mallorca,Real Betis,1,2,A,3,4,1,0
S1,30/11/2019,20:00,Valencia,Villarreal,2,1,H,1,2,0,0
S1,1/12/19,11:00,Sevilla,Leganés,1,0,H,3,3,0,0
S1,1/12/19,13:00,Athletic Club,Granada,2,0,H,5,4,0,0
S1,1/12/19,15:00,Espanyol,Osasuna,2,4,A,1,4,0,1
S1,1/12/19,17:30,Getafe,Levante,4,0,H,2,3,0,0
S1,1/12/19,20:00,Atlético Madrid,Barcelona,0,1,A,4,4,0,0
S1,6/12/19,20:00,Villarreal,Atlético Madrid,0,0,D,2,1,0,0
S1,7/12/19,12:00,Real Madrid,Espanyol,2,0,H,4,3,1,0
S1,7/12/19,15:00,Granada,Alavés,3,0,H,1,4,0,2
S1,7/12/19,17:30,Levante,Valencia,2,4,A,5,2,1,0
S1,7/12/19,20:00,Barcelona,Mallorca,5,2,H,3,0,0,0
S1,8/12/19,11:00,Eibar,Getafe,0,1,A,5,1,1,0
S1,8/12/19,13:00,Real Betis,Athletic Club,3,2,H,2,4,0,0
S1,8/12/19,15:00,Valladolid,Real Sociedad,0,0,D,0,4,0,0
S1,8/12/19,17:30,Leganés,Celta Vigo,3,2,H,3,3,0,1
S1,8/12/19,20:00,Osasuna,Sevilla,1,1,D,4,4,1,0
S1,13/12/2019,20:00,Alavés,Leganés,1,1,D,2,3,0,0
S1,14/12/2019,12:00,Granada,Levante,1,2,A,4,3,0,0
S1,14/12/2019,15:00,Real Sociedad,Barcelona,2,2,D,0,1,0,0
S1,14/12/2019,17:30,Athletic Club,Eibar,0,0,D,3,3,0,0
S1,14/12/2019,20:00,Atlético Madrid,Osasuna,2,0,H,2,1,0,0
S1,15/12/2019,11:00,Getafe,Valladolid,2,0,H,3,3,0,0
S1,15/12/2019,13:00,Celta Vigo,Mallorca,2,2,D,3,5,0,1
S1,15/12/2019,15:00,Espanyol,Real Betis,2,2,D,4,1,0,0
S1,15/12/2019,17:30,Sevilla,Villarreal,1,2,A,2,0,0,0
S1,15/12/2019,20:00,Valencia,Real Madrid,1,1,D,1,2,0,0
S1,18/12/2019,19:00,Barcelona,Real Madrid,0,0,D,3,5,0,0
S1,20/12/2019,20:00,Eibar,Granada,3,0,H,3,3,0,0
S1,21/12/2019,12:00,Mallorca,Sevilla,0,2,A,6,3,0,0
S1,21/12/2019,15:00,Barcelona,Alavés,4,1,H,2,4,0,0
S1,21/12/2019,17:30,Villarreal,Getafe,1,0,H,2,5,0,1
S1,21/12/2019,20:00,Valladolid,Valencia,1,1,D,0,3,0,0
S1,22/12/2019,11:00,Leganés,Espanyol,2,0,H,1,6,0,0
S1,22/12/2019,13:00,Osasuna,Real Sociedad,3,4,A,6,2,1,0
S1,22/12/2019,15:00,Real Betis,Atlético Madrid,1,2,A,4,3,0,0
S1,22/12/2019,17:30,Levante,Celta Vigo,3,1,H,3,6,0,0
S1,22/12/2019,20:00,Real Madrid,Athletic Club,0,0,D,1,0,0,0
S1,3/1/20,18:00,Valladolid,Leganés,2,2,D,3,2,0,0
S1,3/1/20,20:00,Sevilla,Athletic Club,1,1,D,2,4,0,0
S1,4/1/20,12:00,Valencia,Eibar,1,0,H,1,3,0,1
S1,4/1/20,15:00,Getafe,Real Madrid,0,3,A,3,2,0,0
S1,4/1/20,17:30,Atlético Madrid,Levante,2,1,H,1,3,0,0
S1,4/1/20,20:00,Espanyol,Barcelona,2,2,D,2,2,0,1
S1,5/1/20,11:00,Granada,Mallorca,1,0,H,5,1,0,0
S1,5/1/20,13:00,Real Sociedad,Villarreal,1,2,A,5,4,0,0
S1,5/1/20,15:00,Alavés,Real Betis,1,1,D,7,3,0,1
S1,5/1/20,20:00,Celta Vigo,Osasuna,1,1,D,4,3,0,0
S1,17/01/2020,20:00,Leganés,Getafe,0,3,A,6,4,0,0
S1,18/01/2020,12:00,Levante,Alavés,0,1,A,2,4,0,0
S1,18/01/2020,15:00,Real Madrid,Sevilla,2,1,H,3,1,0,0
S1,18/01/2020,17:30,Osasuna,Valladolid,0,0,D,2,2,0,0
S1,18/01/2020,20:00,Eibar,Atlético Madrid,2,0,H,1,2,0,0
S1,19/01/2020,11:00,Mallorca,Valencia,4,1,H,4,4,0,1
S1,19/01/2020,13:00,Real Betis,Real Sociedad,3,0,H,3,1,0,0
S1,19/01/2020,15:00,Villarreal,Espanyol,1,2,A,1,3,0,1
S1,19/01/2020,17:30,Athletic Club,Celta Vigo,1,1,D,4,3,0,0
S1,19/01/2020,20:00,Barcelona,Granada,1,0,H,0,4,0,1
S1,24/01/2020,20:00,Osasuna,Levante,2,0,H,3,3,0,0
S1,25/01/2020,12:00,Espanyol,Athletic Club,1,1,D,3,1,0,0
S1,25/01/2020,15:00,Valencia,Barcelona,2,0,H,1,3,0,0
S1,25/01/2020,17:30,Alavés,Villarreal,1,2,A,2,1,0,0
S1,25/01/2020,20:00,Sevilla,Granada,2,0,H,4,1,0,0
S1,26/01/2020,11:00,Atlético Madrid,Leganés,0,0,D,2,6,0,1
S1,26/01/2020,13:00,Celta Vigo,Eibar,0,0,D,1,0,0,0
S1,26/01/2020,15:00,Getafe,Real Betis,1,0,H,2,4,0,1
S1,26/01/2020,17:30,Real Sociedad,Mallorca,3,0,H,0,2,0,0
S1,26/01/2020,20:00,Valladolid,Real Madrid,0,1,A,1,3,0,0
S1,1/2/20,12:00,Granada,Espanyol,2,1,H,3,3,0,0
S1,1/2/20,15:00,Real Madrid,Atlético Madrid,1,0,H,2,3,0,0
S1,1/2/20,17:30,Mallorca,Valladolid,0,1,A,4,1,0,0
S1,1/2/20,20:00,Valencia,Celta Vigo,1,0,H,6,3,0,0
S1,2/2/20,11:00,Leganés,Real Sociedad,2,1,H,4,3,0,0
S1,2/2/20,13:00,Eibar,Real Betis,1,1,D,2,2,0,0
S1,2/2/20,15:00,Athletic Club,Getafe,0,2,A,2,5,0,0
S1,2/2/20,17:30,Sevilla,Alavés,1,1,D,2,1,0,0
S1,2/2/20,17:30,Villarreal,Osasuna,3,1,H,3,2,0,0
S1,2/2/20,20:00,Barcelona,Levante,2,1,H,2,0,0,0
S1,7/2/20,20:00,Alavés,Eibar,2,1,H,3,2,0,0
S1,8/2/20,12:00,Levante,Leganés,2,0,H,2,3,0,0
S1,8/2/20,15:00,Getafe,Valencia,3,0,H,4,4,0,1
S1,8/2/20,17:30,Valladolid,Villarreal,1,1,D,3,3,0,0
S1,8/2/20,20:00,Atlético Madrid,Granada,1,0,H,4,6,0,0
S1,9/2/20,11:00,Espanyol,Mallorca,1,0,H,6,2,0,0
S1,9/2/20,13:00,Real Sociedad,Athletic Club,2,1,H,2,2,0,1
S1,9/2/20,15:00,Osasuna,Real Madrid,1,4,A,2,2,0,0
S1,9/2/20,17:30,Celta Vigo,Sevilla,2,1,H,3,2,0,0
S1,9/2/20,20:00,Real Betis,Barcelona,2,3,A,5,5,1,1
S1,14/02/2020,20:00,Valencia,Atlético Madrid,2,2,D,3,3,0,0
S1,15/02/2020,12:00,Mallorca,Alavés,1,0,H,0,2,0,0
S1,15/02/2020,15:00,Barcelona,Getafe,2,1,H,3,2,0,0
S1,15/02/2020,17:30,Villarreal,Levante,2,1,H,3,1,0,0
S1,15/02/2020,20:00,Granada,Valladolid,2,1,H,3,2,0,0
S1,16/02/2020,11:00,Sevilla,Espanyol,2,2,D,3,4,0,1
S1,16/02/2020,13:00,Leganés,Real Betis,0,0,D,5,3,0,1
S1,16/02/2020,17:30,Athletic Club,Osasuna,0,1,A,4,4,0,0
S1,16/02/2020,20:00,Real Madrid,Celta Vigo,2,2,D,2,2,0,0
S1,21/02/2020,20:00,Real Betis,Mallorca,3,3,D,2,1,0,0
S1,22/02/2020,12:00,Celta Vigo,Leganés,1,0,H,3,3,1,0
S1,22/02/2020,15:00,Barcelona,Eibar,5,0,H,0,2,0,0
S1,22/02/2020,17:30,Real Sociedad,Valencia,3,0,H,1,1,0,0
S1,22/02/2020,20:00,Levante,Real Madrid,1,0,H,1,2,0,0
S1,23/02/2020,11:00,Osasuna,Granada,0,3,A,3,1,0,0
S1,23/02/2020,13:00,Alavés,Athletic Club,2,1,H,4,4,0,0
S1,23/02/2020,15:00,Valladolid,Espanyol,2,1,H,1,5,0,1
S1,23/02/2020,17:30,Getafe,Sevilla,0,3,A,7,3,0,0
S1,23/02/2020,20:00,Atlético Madrid,Villarreal,3,1,H,1,2,0,0
S1,28/02/2020,20:00,Real Sociedad,Valladolid,1,0,H,1,1,0,0
S1,29/02/2020,12:00,Eibar,Levante,3,0,H,3,2,0,0
S1,29/02/2020,15:00,Valencia,Real Betis,2,1,H,2,3,0,0
S1,29/02/2020,17:30,Leganés,Alavés,1,1,D,3,3,0,0
S1,29/02/2020,20:00,Granada,Celta Vigo,0,0,D,3,5,0,0
S1,1/3/20,11:00,Sevilla,Osasuna,3,2,H,2,2,0,1
S1,1/3/20,13:00,Athletic Club,Villarreal,1,0,H,6,6,0,0
S1,1/3/20,15:00,Espanyol,Atlético Madrid,1,1,D,3,4,0,0
S1,1/3/20,17:30,Mallorca,Getafe,0,1,A,4,5,1,0
S1,1/3/20,20:00,Real Madrid,Barcelona,2,0,H,2,2,0,0
S1,6/3/20,20:00,Alavés,Valencia,1,1,D,5,3,0,0
S1,7/3/20,12:00,Eibar,Mallorca,1,2,A,5,3,0,0
S1,7/3/20,15:00,Atlético Madrid,Sevilla,2,2,D,2,4,0,0
S1,7/3/20,17:30,Barcelona,Real Sociedad,1,0,H,4,3,0,0
S1,7/3/20,20:00,Getafe,Celta Vigo,0,0,D,6,5,1,0
S1,8/3/20,11:00,Osasuna,Espanyol,1,0,H,3,3,0,1
S1,8/3/20,13:00,Valladolid,Athletic Club,1,4,A,1,2,0,0
S1,8/3/20,15:00,Levante,Granada,1,1,D,3,3,0,0
S1,8/3/20,17:30,Villarreal,Leganés,1,2,A,4,3,0,0
S1,8/3/20,20:00,Real Betis,Real Madrid,2,1,H,1,1,0,0
S1,10/3/20,19:00,Eibar,Real Sociedad,1,2,A,3,2,0,0
S1,11/6/20,21:00,Sevilla,Real Betis,2,0,H,0,2,0,0
S1,12/6/20,18:30,Granada,Getafe,2,1,H,6,4,0,0
S1,12/6/20,21:00,Valencia,Levante,1,1,D,1,4,0,1
S1,13/06/2020,13:00,Espanyol,Alavés,2,0,H,4,3,0,1
S1,13/06/2020,16:00,Celta Vigo,Villarreal,0,1,A,1,1,0,0
S1,13/06/2020,18:30,Leganés,Valladolid,1,2,A,2,4,0,0
S1,13/06/2020,21:00,Mallorca,Barcelona,0,4,A,1,2,0,0
S1,14/06/2020,13:00,Athletic Club,Atlético Madrid,1,1,D,3,0,0,0
S1,14/06/2020,18:30,Real Madrid,Eibar,3,1,H,1,1,0,0
S1,14/06/2020,21:00,Real Sociedad,Osasuna,1,1,D,1,3,0,0
S1,15/06/2020,18:30,Levante,Sevilla,1,1,D,1,1,0,0
S1,15/06/2020,21:00,Real Betis,Granada,2,2,D,2,4,0,0
S1,16/06/2020,18:30,Getafe,Espanyol,0,0,D,3,2,0,1
S1,16/06/2020,18:30,Villarreal,Mallorca,1,0,H,3,4,0,0
S1,16/06/2020,21:00,Barcelona,Leganés,2,0,H,5,3,0,0
S1,17/06/2020,18:30,Eibar,Athletic Club,2,2,D,3,2,0,0
S1,17/06/2020,18:30,Valladolid,Celta Vigo,0,0,D,3,3,0,0
S1,17/06/2020,21:00,Osasuna,Atlético Madrid,0,5,A,3,3,0,0
S1,18/06/2020,18:30,Alavés,Real Sociedad,2,0,H,3,4,1,1
S1,18/06/2020,21:00,Real Madrid,Valencia,3,0,H,0,2,0,1
S1,19/06/2020,18:30,Granada,Villarreal,0,1,A,0,3,0,0
S1,19/06/2020,18:30,Mallorca,Leganés,1,1,D,3,6,0,0
S1,19/06/2020,21:00,Sevilla,Barcelona,0,0,D,3,2,0,0
S1,20/06/2020,13:00,Espanyol,Levante,1,3,A,2,0,0,0
S1,20/06/2020,16:00,Athletic Club,Real Betis,1,0,H,4,0,0,0
S1,20/06/2020,18:30,Getafe,Eibar,1,1,D,3,0,0,0
S1,20/06/2020,21:00,Atlético Madrid,Valladolid,1,0,H,4,2,0,0
S1,21/06/2020,13:00,Celta Vigo,Alavés,6,0,H,1,1,0,1
S1,21/06/2020,18:30,Valencia,Osasuna,2,0,H,1,2,0,0
S1,21/06/2020,21:00,Real Sociedad,Real Madrid,1,2,A,4,2,0,0
S1,22/06/2020,18:30,Villarreal,Sevilla,2,2,D,3,3,0,0
S1,22/06/2020,21:00,Leganés,Granada,0,0,D,4,4,0,0
S1,23/06/2020,18:30,Levante,Atlético Madrid,0,1,A,4,2,0,0
S1,23/06/2020,18:30,Valladolid,Getafe,1,1,D,5,2,0,0
S1,23/06/2020,21:00,Barcelona,Athletic Club,1,0,H,2,1,0,0
S1,24/06/2020,18:30,Alavés,Osasuna,0,1,A,2,3,0,0
S1,24/06/2020,18:30,Real Sociedad,Celta Vigo,0,1,A,4,2,0,0
S1,24/06/2020,21:00,Real Madrid,Mallorca,2,0,H,4,1,0,0
S1,25/06/2020,18:30,Eibar,Valencia,1,0,H,4,2,0,1
S1,25/06/2020,21:00,Real Betis,Espanyol,1,0,H,4,4,0,0
S1,26/06/2020,21:00,Sevilla,Valladolid,1,1,D,3,2,0,0
S1,27/06/2020,13:00,Athletic Club,Mallorca,3,1,H,1,2,0,0
S1,27/06/2020,16:00,Celta Vigo,Barcelona,2,2,D,3,4,0,0
S1,27/06/2020,18:30,Osasuna,Leganés,2,1,H,1,1,0,0
S1,27/06/2020,21:00,Atlético Madrid,Alavés,2,1,H,3,2,0,0
S1,28/06/2020,13:00,Levante,Real Betis,4,2,H,0,4,0,0
S1,28/06/2020,16:00,Villarreal,Valencia,2,0,H,0,2,0,0
S1,28/06/2020,18:30,Granada,Eibar,1,2,A,1,0,0,0
S1,28/06/2020,21:00,Espanyol,Real Madrid,0,1,A,1,1,0,0
S1,29/06/2020,21:00,Getafe,Real Sociedad,2,1,H,6,3,0,0
S1,30/06/2020,18:30,Mallorca,Celta Vigo,5,1,H,3,2,0,0
S1,30/06/2020,20:00,Leganés,Sevilla,0,3,A,4,3,0,0
S1,30/06/2020,21:00,Barcelona,Atlético Madrid,2,2,D,3,5,0,0
S1,1/7/20,18:30,Alavés,Granada,0,2,A,3,2,0,0
S1,1/7/20,18:30,Valencia,Athletic Club,0,2,A,1,0,0,0
S1,1/7/20,21:00,Real Betis,Villarreal,0,2,A,4,1,1,0
S1,1/7/20,21:00,Valladolid,Levante,0,0,D,2,1,0,0
S1,2/7/20,18:30,Eibar,Osasuna,0,2,A,1,1,0,0
S1,2/7/20,18:30,Real Sociedad,Espanyol,2,1,H,2,1,0,0
S1,2/7/20,21:00,Real Madrid,Getafe,1,0,H,5,5,0,0
S1,3/7/20,21:00,Atlético Madrid,Mallorca,3,0,H,2,1,0,0
S1,4/7/20,16:00,Celta Vigo,Real Betis,1,1,D,5,4,0,0
S1,4/7/20,18:30,Valladolid,Alavés,1,0,H,0,0,0,0
S1,4/7/20,21:00,Granada,Valencia,2,2,D,2,2,0,0
S1,5/7/20,13:00,Athletic Club,Real Madrid,0,1,A,4,3,0,0
S1,5/7/20,16:00,Espanyol,Leganés,0,1,A,4,3,1,0
S1,5/7/20,18:30,Osasuna,Getafe,0,0,D,5,4,0,0
S1,5/7/20,21:00,Villarreal,Barcelona,1,4,A,1,0,0,0
S1,6/7/20,18:30,Levante,Real Sociedad,1,1,D,3,2,0,0
S1,6/7/20,21:00,Sevilla,Eibar,1,0,H,2,1,0,0
S1,7/7/20,18:30,Valencia,Valladolid,2,1,H,3,0,0,0
S1,7/7/20,21:00,Celta Vigo,Atlético Madrid,1,1,D,3,3,0,0
S1,8/7/20,19:30,Real Betis,Osasuna,3,0,H,1,5,0,0
S1,8/7/20,19:30,Getafe,Villarreal,1,3,A,4,1,0,1
S1,8/7/20,21:00,Barcelona,Espanyol,1,0,H,0,2,1,1
S1,9/7/20,18:30,Eibar,Leganés,0,0,D,3,3,0,0
S1,9/7/20,18:30,Mallorca,Levante,2,0,H,3,1,0,0
S1,9/7/20,21:00,Athletic Club,Sevilla,1,2,A,3,2,0,0
S1,10/7/20,18:30,Real Sociedad,Granada,2,3,A,2,3,0,0
S1,10/7/20,21:00,Real Madrid,Alavés,2,0,H,0,1,0,0
S1,11/7/20,16:00,Osasuna,Celta Vigo,2,1,H,2,2,0,0
S1,11/7/20,18:30,Valladolid,Barcelona,0,1,A,2,2,0,0
S1,11/7/20,21:00,Atlético Madrid,Real Betis,1,0,H,1,3,1,0
S1,12/7/20,13:00,Espanyol,Eibar,0,2,A,2,2,0,0
S1,12/7/20,16:00,Levante,Athletic Club,1,2,A,0,1,0,0
S1,12/7/20,18:30,Leganés,Valencia,1,0,H,4,1,1,0
S1,12/7/20,21:00,Sevilla,Mallorca,2,0,H,3,2,0,0
S1,13/07/2020,18:30,Alavés,Getafe,0,0,D,4,2,0,0
S1,13/07/2020,18:30,Villarreal,Real Sociedad,1,2,A,2,2,0,0
S1,13/07/2020,21:00,Granada,Real Madrid,1,2,A,2,2,0,0
S1,16/07/2020,17:30,Eibar,Valladolid,3,1,H,4,0,0,0
S1,16/07/2020,20:00,Athletic Club,Leganés,0,2,A,2,3,1,0
S1,16/07/2020,20:00,Barcelona,Osasuna,1,2,A,4,1,0,1
S1,16/07/2020,20:00,Real Betis,Alavés,1,2,A,6,4,1,1
S1,16/07/2020,20:00,Celta Vigo,Levante,2,3,A,3,0,1,1
S1,16/07/2020,20:00,Getafe,Atlético Madrid,0,2,A,1,2,1,0
S1,16/07/2020,20:00,Mallorca,Granada,1,2,A,7,5,2,0
S1,16/07/2020,20:00,Real Madrid,Villarreal,2,1,H,3,2,0,0
S1,16/07/2020,20:00,Real Sociedad,Sevilla,0,0,D,1,2,0,0
S1,16/07/2020,20:00,Valencia,Espanyol,1,0,H,2,4,1,0
S1,19/07/2020,16:00,Alavés,Barcelona,0,5,A,0,0,0,0
S1,19/07/2020,17:30,Valladolid,Real Betis,2,0,H,2,2,0,0
S1,19/07/2020,17:30,Villarreal,Eibar,4,0,H,0,0,0,0
S1,19/07/2020,20:00,Atlético Madrid,Real Sociedad,1,1,D,1,2,0,0
S1,19/07/2020,20:00,Espanyol,Celta Vigo,0,0,D,2,3,0,0
S1,19/07/2020,20:00,Granada,Athletic Club,4,0,H,1,2,0,0
S1,19/07/2020,20:00,Leganés,Real Madrid,2,2,D,4,1,0,0
S1,19/07/2020,20:00,Levante,Getafe,1,0,H,2,4,0,0
S1,19/07/2020,20:00,Osasuna,Mallorca,2,2,D,2,0,0,0
S1,19/07/2020,20:00,Sevilla,Valencia,1,0,H,0,1,0,0
F1,9/8/19,19:45,Monaco,Lyon,0,3,A,2,2,1,0
F1,10/8/19,16:30,Marseille,Reims,0,2,A,1,0,0,0
F1,10/8/19,19:00,Angers,Bordeaux,3,1,H,2,1,0,0
F1,10/8/19,19:00,Brest,Toulouse,1,1,D,0,0,0,0
F1,10/8/19,19:00,Dijon,Saint-Étienne,1,2,A,0,2,0,0
F1,10/8/19,19:00,Montpellier,Rennes,0,1,A,3,3,0,1
F1,10/8/19,19:00,Nice,Amiens,2,1,H,3,4,0,1
F1,11/8/19,14:00,Lille,Nantes,2,1,H,2,4,0,0
F1,11/8/19,16:00,Strasbourg,Metz,1,1,D,0,1,0,0
F1,11/8/19,20:00,PSG,Nîmes,3,0,H,2,0,0,0
F1,16/08/2019,19:45,Lyon,Angers,6,0,H,1,2,0,0
F1,17/08/2019,16:30,Nantes,Marseille,0,0,D,0,3,0,0
F1,17/08/2019,19:00,Amiens,Lille,1,0,H,1,1,0,1
F1,17/08/2019,19:00,Bordeaux,Montpellier,1,1,D,2,1,0,0
F1,17/08/2019,19:00,Metz,Monaco,3,0,H,1,2,0,1
F1,17/08/2019,19:00,Nîmes,Nice,1,2,A,5,5,2,1
F1,17/08/2019,19:00,Toulouse,Dijon,1,0,H,2,0,0,0
F1,18/08/2019,14:00,Saint-Étienne,Brest,1,1,D,1,2,0,0
F1,18/08/2019,16:00,Reims,Strasbourg,0,0,D,2,0,0,0
F1,18/08/2019,20:00,Rennes,PSG,2,1,H,1,5,0,0
F1,24/08/2019,19:00,Amiens,Nantes,1,2,A,1,1,1,0
F1,24/08/2019,19:00,Angers,Metz,3,0,H,1,2,0,0
F1,24/08/2019,19:00,Brest,Reims,1,0,H,1,1,0,0
F1,24/08/2019,19:00,Dijon,Bordeaux,0,2,A,0,2,0,0
F1,25/08/2019,14:00,Monaco,Nîmes,2,2,D,2,1,1,0
F1,25/08/2019,16:00,Strasbourg,Rennes,0,2,A,4,2,1,0
F1,25/08/2019,20:00,PSG,Toulouse,4,0,H,0,1,0,0
F1,27/08/2019,18:00,Montpellier,Lyon,1,0,H,2,4,0,1
F1,28/08/2019,18:00,Lille,Saint-Étienne,3,0,H,0,0,0,0
F1,28/08/2019,20:00,Nice,Marseille,1,2,A,1,1,0,0
F1,30/08/2019,19:45,Metz,PSG,0,2,A,1,0,0,0
F1,31/08/2019,16:30,Lyon,Bordeaux,1,1,D,4,3,1,0
F1,31/08/2019,19:00,Angers,Dijon,2,0,H,0,2,0,0
F1,31/08/2019,19:00,Nantes,Montpellier,1,0,H,2,2,0,0
F1,31/08/2019,19:00,Nîmes,Brest,3,0,H,3,4,0,0
F1,31/08/2019,19:00,Toulouse,Amiens,2,0,H,0,1,0,0
F1,1/9/19,14:00,Reims,Lille,2,0,H,3,2,0,1
F1,1/9/19,14:00,Rennes,Nice,1,2,A,2,3,0,0
F1,1/9/19,16:00,Strasbourg,Monaco,2,2,D,4,3,0,0
F1,1/9/19,20:00,Marseille,Saint-Étienne,1,0,H,5,2,0,0
F1,13/09/2019,18:00,Lille,Angers,2,1,H,1,2,0,0
F1,13/09/2019,19:45,Amiens,Lyon,2,2,D,3,2,0,0
F1,14/09/2019,16:30,PSG,Strasbourg,1,0,H,2,2,0,0
F1,14/09/2019,19:00,Bordeaux,Metz,2,0,H,2,2,0,0
F1,14/09/2019,19:00,Brest,Rennes,0,0,D,2,2,0,0
F1,14/09/2019,19:00,Dijon,Nîmes,0,0,D,3,1,0,0
F1,14/09/2019,19:00,Montpellier,Nice,2,1,H,2,2,0,0
F1,15/09/2019,14:00,Nantes,Reims,1,0,H,1,3,0,0
F1,15/09/2019,16:00,Saint-Étienne,Toulouse,2,2,D,3,0,0,0
F1,15/09/2019,20:00,Monaco,Marseille,3,4,A,3,3,0,0
F1,20/09/2019,19:45,Strasbourg,Nantes,2,1,H,2,2,0,0
F1,21/09/2019,16:30,Marseille,Montpellier,1,1,D,4,3,2,1
F1,21/09/2019,19:00,Bordeaux,Brest,2,2,D,4,3,0,0
F1,21/09/2019,19:00,Metz,Amiens,1,2,A,1,1,0,0
F1,21/09/2019,19:00,Nice,Dijon,2,1,H,2,3,0,0
F1,21/09/2019,19:00,Nîmes,Toulouse,1,0,H,1,3,0,1
F1,21/09/2019,19:00,Reims,Monaco,0,0,D,0,2,0,0
F1,22/09/2019,14:00,Rennes,Lille,1,1,D,2,1,0,0
F1,22/09/2019,16:00,Angers,Saint-Étienne,4,1,H,1,1,0,0
F1,22/09/2019,20:00,Lyon,PSG,0,1,A,1,1,0,0
F1,24/09/2019,18:00,Dijon,Marseille,0,0,D,3,3,0,0
F1,24/09/2019,20:00,Monaco,Nice,3,1,H,2,3,0,0
F1,25/09/2019,18:00,Amiens,Bordeaux,1,3,A,2,2,0,0
F1,25/09/2019,18:00,Brest,Lyon,2,2,D,0,0,0,0
F1,25/09/2019,18:00,Lille,Strasbourg,2,0,H,0,1,0,0
F1,25/09/2019,18:00,Montpellier,Nîmes,1,0,H,3,4,0,0
F1,25/09/2019,18:00,Nantes,Rennes,1,0,H,2,4,0,0
F1,25/09/2019,18:00,Saint-Étienne,Metz,0,1,A,4,2,0,0
F1,25/09/2019,18:00,Toulouse,Angers,0,2,A,1,0,0,0
F1,25/09/2019,20:00,PSG,Reims,0,2,A,1,2,0,0
F1,28/09/2019,12:30,Lyon,Nantes,0,1,A,2,2,0,0
F1,28/09/2019,16:30,Bordeaux,PSG,0,1,A,0,3,0,0
F1,28/09/2019,19:00,Angers,Amiens,1,1,D,1,0,0,0
F1,28/09/2019,19:00,Metz,Toulouse,2,2,D,1,1,0,0
F1,28/09/2019,19:00,Monaco,Brest,4,1,H,1,2,0,0
F1,28/09/2019,19:00,Nice,Lille,1,1,D,2,2,0,0
F1,28/09/2019,19:00,Reims,Dijon,1,2,A,1,2,0,0
F1,29/09/2019,14:00,Strasbourg,Montpellier,1,0,H,4,2,0,0
F1,29/09/2019,16:00,Nîmes,Saint-Étienne,0,1,A,1,4,0,1
F1,29/09/2019,20:00,Marseille,Rennes,1,1,D,4,0,0,0
F1,4/10/19,19:45,Amiens,Marseille,3,1,H,1,3,0,0
F1,5/10/19,16:30,PSG,Angers,4,0,H,3,1,0,0
F1,5/10/19,19:00,Brest,Metz,2,0,H,2,1,0,0
F1,5/10/19,19:00,Dijon,Strasbourg,1,0,H,3,3,0,0
F1,5/10/19,19:00,Montpellier,Monaco,3,1,H,1,2,0,1
F1,5/10/19,19:00,Nantes,Nice,1,0,H,1,2,0,0
F1,5/10/19,19:00,Toulouse,Bordeaux,1,3,A,4,2,0,0
F1,6/10/19,14:00,Lille,Nîmes,2,2,D,3,1,0,0
F1,6/10/19,16:00,Rennes,Reims,0,1,A,1,3,0,0
F1,6/10/19,20:00,Saint-Étienne,Lyon,1,0,H,1,2,0,0
F1,18/10/2019,19:45,Nice,PSG,1,4,A,3,2,2,0
F1,19/10/2019,16:30,Lyon,Dijon,0,0,D,0,0,0,0
F1,19/10/2019,19:00,Angers,Brest,0,1,A,1,0,0,0
F1,19/10/2019,19:00,Metz,Nantes,1,0,H,2,1,0,1
F1,19/10/2019,19:00,Nîmes,Amiens,1,1,D,2,4,0,0
F1,19/10/2019,19:00,Reims,Montpellier,1,0,H,2,0,0,0
F1,19/10/2019,19:00,Toulouse,Lille,2,1,H,2,4,0,0
F1,20/10/2019,14:00,Bordeaux,Saint-Étienne,0,1,A,0,3,0,0
F1,20/10/2019,16:00,Monaco,Rennes,3,2,H,2,3,0,0
F1,20/10/2019,20:00,Marseille,Strasbourg,2,0,H,3,2,0,0
F1,25/10/2019,19:45,Nantes,Monaco,0,1,A,2,2,0,0
F1,26/10/2019,16:30,Lille,Bordeaux,3,0,H,0,2,0,0
F1,26/10/2019,19:00,Brest,Dijon,2,0,H,0,0,1,0
F1,26/10/2019,19:00,Lyon,Metz,2,0,H,1,2,0,0
F1,26/10/2019,19:00,Montpellier,Angers,0,0,D,2,3,0,0
F1,26/10/2019,19:00,Reims,Nîmes,0,0,D,3,1,0,0
F1,26/10/2019,19:00,Strasbourg,Nice,1,0,H,1,3,0,1
F1,27/10/2019,14:00,Rennes,Toulouse,3,2,H,1,2,0,0
F1,27/10/2019,16:00,Saint-Étienne,Amiens,2,2,D,2,3,0,0
F1,27/10/2019,20:00,PSG,Marseille,4,0,H,2,1,0,0
F1,1/11/19,19:45,Dijon,PSG,2,1,H,3,2,0,0
F1,2/11/19,16:30,Marseille,Lille,2,1,H,1,3,0,0
F1,2/11/19,19:00,Amiens,Brest,1,0,H,3,1,0,0
F1,2/11/19,19:00,Angers,Strasbourg,1,0,H,1,1,0,0
F1,2/11/19,19:00,Metz,Montpellier,2,2,D,1,2,0,0
F1,2/11/19,19:00,Toulouse,Lyon,2,3,A,3,0,0,0
F1,3/11/19,14:00,Bordeaux,Nantes,2,0,H,4,3,0,0
F1,3/11/19,16:00,Nice,Reims,2,0,H,1,3,0,1
F1,3/11/19,20:00,Saint-Étienne,Monaco,1,0,H,1,1,0,1
F1,8/11/19,19:45,Nice,Bordeaux,1,1,D,2,2,0,0
F1,9/11/19,16:30,Brest,PSG,1,2,A,1,2,0,0
F1,9/11/19,19:00,Lille,Metz,0,0,D,2,2,0,0
F1,9/11/19,19:00,Monaco,Dijon,1,0,H,2,0,0,0
F1,9/11/19,19:00,Reims,Angers,0,0,D,1,3,0,1
F1,9/11/19,19:00,Strasbourg,Nîmes,4,1,H,2,2,0,1
F1,10/11/19,14:00,Rennes,Amiens,3,1,H,3,4,0,0
F1,10/11/19,16:00,Montpellier,Toulouse,3,0,H,2,2,0,0
F1,10/11/19,16:00,Nantes,Saint-Étienne,2,3,A,1,0,0,0
F1,10/11/19,20:00,Marseille,Lyon,2,1,H,3,0,1,0
F1,22/11/2019,19:45,PSG,Lille,2,0,H,2,0,0,0
F1,23/11/2019,16:30,Lyon,Nice,2,1,H,2,4,1,1
F1,23/11/2019,19:00,Amiens,Strasbourg,0,4,A,2,1,1,0
F1,23/11/2019,19:00,Angers,Nîmes,1,0,H,2,1,0,0
F1,23/11/2019,19:00,Brest,Nantes,1,1,D,2,1,0,0
F1,23/11/2019,19:00,Dijon,Rennes,2,1,H,1,2,0,0
F1,23/11/2019,19:00,Metz,Reims,1,1,D,2,2,0,1
F1,24/11/2019,14:00,Bordeaux,Monaco,2,1,H,3,5,0,1
F1,24/11/2019,16:00,Saint-Étienne,Montpellier,0,0,D,3,3,0,0
F1,24/11/2019,20:00,Toulouse,Marseille,0,2,A,3,3,1,0
F1,29/11/2019,19:45,Marseille,Brest,2,1,H,0,2,0,0
F1,30/11/2019,16:30,Strasbourg,Lyon,1,2,A,3,1,0,0
F1,30/11/2019,19:00,Lille,Dijon,1,0,H,2,1,0,0
F1,30/11/2019,19:00,Montpellier,Amiens,4,2,H,1,2,0,1
F1,30/11/2019,19:00,Nice,Angers,3,1,H,2,1,0,0
F1,30/11/2019,19:00,Nîmes,Metz,1,1,D,1,6,0,0
F1,30/11/2019,19:00,Reims,Bordeaux,1,1,D,2,1,1,0
F1,1/12/19,14:00,Nantes,Toulouse,2,1,H,1,3,0,1
F1,1/12/19,16:00,Rennes,Saint-Étienne,2,1,H,1,3,0,0
F1,3/12/19,18:00,Angers,Marseille,0,2,A,1,1,0,0
F1,3/12/19,18:00,Bordeaux,Nîmes,6,0,H,2,1,0,0
F1,3/12/19,18:00,Brest,Strasbourg,5,0,H,2,1,0,0
F1,3/12/19,20:05,Lyon,Lille,0,1,A,1,2,0,0
F1,4/12/19,18:00,Dijon,Montpellier,2,2,D,3,3,0,0
F1,4/12/19,18:00,Metz,Rennes,0,1,A,2,0,0,0
F1,4/12/19,18:00,Saint-Étienne,Nice,4,1,H,2,3,0,0
F1,4/12/19,18:00,Toulouse,Monaco,1,2,A,0,1,0,0
F1,4/12/19,20:05,PSG,Nantes,2,0,H,1,2,0,0
F1,6/12/19,18:00,Lille,Brest,1,0,H,0,1,0,0
F1,6/12/19,19:45,Nîmes,Lyon,0,4,A,2,2,2,0
F1,7/12/19,16:30,Montpellier,PSG,1,3,A,5,3,1,0
F1,7/12/19,19:00,Monaco,Amiens,3,0,H,0,0,0,0
F1,7/12/19,19:00,Nice,Metz,4,1,H,0,2,0,0
F1,7/12/19,19:00,Rennes,Angers,2,1,H,3,1,0,0
F1,7/12/19,19:00,Strasbourg,Toulouse,4,2,H,0,1,0,0
F1,8/12/19,14:00,Reims,Saint-Étienne,3,1,H,2,2,0,0
F1,8/12/19,16:00,Nantes,Dijon,1,0,H,1,2,0,0
F1,8/12/19,20:00,Marseille,Bordeaux,3,1,H,2,1,0,0
F1,13/12/2019,19:45,Lille,Montpellier,2,1,H,3,1,0,0
F1,14/12/2019,16:30,Metz,Marseille,1,1,D,4,1,0,0
F1,14/12/2019,19:00,Amiens,Dijon,1,1,D,1,3,0,0
F1,14/12/2019,19:00,Angers,Monaco,0,0,D,4,3,0,0
F1,14/12/2019,19:00,Brest,Nice,0,0,D,3,2,0,0
F1,14/12/2019,19:00,Nîmes,Nantes,0,1,A,0,3,0,0
F1,14/12/2019,19:00,Toulouse,Reims,0,1,A,0,2,0,0
F1,15/12/2019,14:00,Bordeaux,Strasbourg,0,1,A,3,2,0,0
F1,15/12/2019,16:00,Lyon,Rennes,0,1,A,3,3,0,0
F1,15/12/2019,20:00,Saint-Étienne,PSG,0,4,A,1,1,1,0
F1,21/12/2019,19:45,Dijon,Metz,2,2,D,2,3,0,1
F1,21/12/2019,19:45,Marseille,Nîmes,3,1,H,3,2,0,0
F1,21/12/2019,19:45,Monaco,Lille,5,1,H,5,1,1,0
F1,21/12/2019,19:45,Montpellier,Brest,4,0,H,1,1,0,0
F1,21/12/2019,19:45,Nantes,Angers,1,2,A,1,0,0,0
F1,21/12/2019,19:45,Nice,Toulouse,3,0,H,1,4,0,0
F1,21/12/2019,19:45,PSG,Amiens,4,1,H,0,1,0,0
F1,21/12/2019,19:45,Reims,Lyon,1,1,D,2,3,0,0
F1,21/12/2019,19:45,Rennes,Bordeaux,1,0,H,0,3,0,0
F1,21/12/2019,19:45,Strasbourg,Saint-Étienne,2,1,H,3,2,0,0
F1,10/1/20,19:45,Rennes,Marseille,0,1,A,2,5,0,0
F1,11/1/20,16:30,Bordeaux,Lyon,1,2,A,1,3,0,0
F1,11/1/20,19:00,Amiens,Montpellier,1,2,A,2,1,0,0
F1,11/1/20,19:00,Angers,Nice,1,1,D,1,3,0,0
F1,11/1/20,19:00,Metz,Strasbourg,1,0,H,1,2,0,0
F1,11/1/20,19:00,Nîmes,Reims,2,0,H,1,5,0,1
F1,11/1/20,19:00,Toulouse,Brest,2,5,A,1,0,0,0
F1,12/1/20,14:00,Saint-Étienne,Nantes,0,2,A,2,1,0,0
F1,12/1/20,16:00,Dijon,Lille,1,0,H,2,4,1,1
F1,12/1/20,20:00,PSG,Monaco,3,3,D,0,3,0,0
F1,15/01/2020,18:00,Amiens,Reims,1,1,D,1,3,0,0
F1,15/01/2020,18:00,Nîmes,Rennes,0,1,A,1,3,0,0
F1,15/01/2020,20:00,Monaco,PSG,1,4,A,2,3,0,0
F1,24/01/2020,19:45,Nice,Rennes,1,1,D,0,1,0,0
F1,25/01/2020,16:30,Marseille,Angers,0,0,D,1,2,0,0
F1,25/01/2020,19:00,Brest,Amiens,2,1,H,2,4,0,0
F1,25/01/2020,19:00,Monaco,Strasbourg,1,3,A,1,0,0,0
F1,25/01/2020,19:00,Montpellier,Dijon,2,1,H,2,2,0,1
F1,25/01/2020,19:00,Reims,Metz,0,1,A,1,1,0,0
F1,25/01/2020,19:00,Saint-Étienne,Nîmes,2,1,H,3,2,0,0
F1,26/01/2020,14:00,Lyon,Toulouse,3,0,H,0,1,0,0
F1,26/01/2020,16:00,Nantes,Bordeaux,0,1,A,3,2,1,0
F1,26/01/2020,20:00,Lille,PSG,0,2,A,3,1,0,0
F1,31/01/2020,19:45,Rennes,Nantes,3,2,H,5,4,0,0
F1,1/2/20,16:30,PSG,Montpellier,5,0,H,4,4,0,2
F1,1/2/20,19:00,Amiens,Toulouse,0,0,D,3,2,0,0
F1,1/2/20,19:00,Angers,Reims,1,4,A,1,2,0,0
F1,1/2/20,19:00,Dijon,Brest,3,0,H,0,1,0,0
F1,1/2/20,19:00,Nîmes,Monaco,3,1,H,4,3,0,2
F1,1/2/20,19:00,Strasbourg,Lille,1,2,A,1,4,0,0
F1,2/2/20,14:00,Nice,Lyon,2,1,H,3,2,1,1
F1,2/2/20,16:00,Metz,Saint-Étienne,3,1,H,0,2,0,0
F1,2/2/20,20:00,Bordeaux,Marseille,0,0,D,2,2,0,0
F1,4/2/20,18:00,Lille,Rennes,1,0,H,3,1,0,0
F1,4/2/20,18:00,Monaco,Angers,1,0,H,2,2,0,0
F1,4/2/20,20:05,Nantes,PSG,1,2,A,2,4,0,0
F1,5/2/20,18:00,Brest,Bordeaux,1,1,D,2,0,1,0
F1,5/2/20,18:00,Lyon,Amiens,0,0,D,1,2,0,0
F1,5/2/20,18:00,Montpellier,Metz,1,1,D,2,1,0,0
F1,5/2/20,18:00,Nîmes,Dijon,2,0,H,0,3,0,0
F1,5/2/20,18:00,Reims,Nice,1,1,D,2,0,0,0
F1,5/2/20,18:00,Toulouse,Strasbourg,0,1,A,1,2,0,0
F1,5/2/20,20:00,Saint-Étienne,Marseille,0,2,A,2,4,0,0
F1,7/2/20,19:45,Angers,Lille,0,2,A,4,3,0,0
F1,8/2/20,16:30,Marseille,Toulouse,1,0,H,1,2,0,0
F1,8/2/20,19:00,Amiens,Monaco,1,2,A,1,3,0,0
F1,8/2/20,19:00,Dijon,Nantes,3,3,D,2,2,0,0
F1,8/2/20,19:00,Metz,Bordeaux,1,2,A,2,2,1,0
F1,8/2/20,19:00,Nice,Nîmes,1,3,A,2,4,1,0
F1,8/2/20,19:00,Rennes,Brest,0,0,D,2,4,0,0
F1,9/2/20,14:00,Montpellier,Saint-Étienne,1,0,H,1,3,1,0
F1,9/2/20,16:00,Strasbourg,Reims,3,0,H,1,2,0,0
F1,9/2/20,20:00,PSG,Lyon,4,2,H,1,2,0,0
F1,14/02/2020,19:45,Monaco,Montpellier,1,0,H,1,2,0,0
F1,15/02/2020,16:30,Amiens,PSG,4,4,D,3,2,0,0
F1,15/02/2020,19:00,Bordeaux,Dijon,2,2,D,1,1,0,0
F1,15/02/2020,19:00,Nantes,Metz,0,0,D,0,1,0,1
F1,15/02/2020,19:00,Nîmes,Angers,1,0,H,1,2,0,1
F1,15/02/2020,19:00,Toulouse,Nice,0,2,A,2,0,2,0
F1,16/02/2020,14:00,Lyon,Strasbourg,1,1,D,3,1,0,0
F1,16/02/2020,16:00,Brest,Saint-Étienne,3,2,H,2,3,0,0
F1,16/02/2020,16:00,Reims,Rennes,1,0,H,1,1,0,0
F1,16/02/2020,20:00,Lille,Marseille,1,2,A,0,5,0,0
F1,21/02/2020,18:00,Nice,Brest,2,2,D,3,0,0,0
F1,21/02/2020,19:45,Metz,Lyon,0,2,A,2,1,1,0
F1,22/02/2020,16:30,Marseille,Nantes,1,3,A,1,3,0,0
F1,22/02/2020,19:00,Angers,Montpellier,1,0,H,4,2,0,0
F1,22/02/2020,19:00,Dijon,Monaco,1,1,D,2,0,0,0
F1,22/02/2020,19:00,Lille,Toulouse,3,0,H,1,3,0,0
F1,22/02/2020,19:00,Strasbourg,Amiens,0,0,D,2,6,0,0
F1,23/02/2020,14:00,Saint-Étienne,Reims,1,1,D,1,1,0,0
F1,23/02/2020,16:00,Rennes,Nîmes,2,1,H,0,1,0,1
F1,23/02/2020,20:00,PSG,Bordeaux,4,3,H,5,2,1,0
F1,28/02/2020,19:45,Nîmes,Marseille,2,3,A,4,3,0,0
F1,29/02/2020,16:30,PSG,Dijon,4,0,H,1,0,0,0
F1,29/02/2020,19:00,Amiens,Metz,0,1,A,2,1,0,0
F1,29/02/2020,19:00,Brest,Angers,0,1,A,3,1,0,0
F1,29/02/2020,19:00,Monaco,Reims,1,1,D,2,3,0,0
F1,29/02/2020,19:00,Montpellier,Strasbourg,3,0,H,1,2,0,0
F1,29/02/2020,19:00,Toulouse,Rennes,0,2,A,3,1,0,0
F1,1/3/20,14:00,Nantes,Lille,0,1,A,4,3,0,0
F1,1/3/20,16:00,Bordeaux,Nice,1,1,D,3,3,0,0
F1,1/3/20,20:00,Lyon,Saint-Étienne,2,0,H,4,4,0,0
F1,6/3/20,20:00,Marseille,Amiens,2,2,D,2,2,0,0
F1,7/3/20,19:00,Angers,Nantes,2,0,H,0,3,0,0
F1,7/3/20,19:00,Dijon,Toulouse,2,1,H,2,2,0,0
F1,7/3/20,19:00,Metz,Nîmes,2,1,H,0,0,0,0
F1,7/3/20,19:00,Nice,Monaco,2,1,H,1,4,0,1
F1,7/3/20,19:00,Reims,Brest,1,0,H,3,2,1,0
F1,8/3/20,14:00,Saint-Étienne,Bordeaux,1,1,D,4,3,1,0
F1,8/3/20,16:00,Rennes,Montpellier,5,0,H,2,3,0,0
F1,8/3/20,20:00,Lille,Lyon,1,0,H,1,3,0,0